,Coupon Description,Product,Region,Country,Postal Code
0,10% off on Cosmetics! Limited time offer.,Office Supplies,Sub-Saharan Africa,Cyprus,85425
1,Buy 1 Get 1 off on Baby Food! Limited time offer.,Cosmetics,Central America and the Caribbean,Indonesia,00928
2,10% off on Vegetables! Limited time offer.,Snacks,Sub-Saharan Africa,Italy,91500
3,Free Shipping off on Beverages! Limited time offer.,Cosmetics,Europe,Bosnia and Herzegovina,91630
4,Buy 1 Get 1 off on Snacks! Limited time offer.,Fruits,Asia,Nigeria,47249
5,25% off on Meat! Limited time offer.,Fruits,Europe,Philippines,33995
6,25% off on Fruits! Limited time offer.,Cosmetics,Australia and Oceania,Botswana,29385
7,Buy 1 Get 1 off on Cosmetics! Limited time offer.,Household,Australia and Oceania,Russia,22930
8,Buy 1 Get 1 off on Clothes! Limited time offer.,Snacks,Central America and the Caribbean,Cote d'Ivoire,69695
9,Free Shipping off on Personal Care! Limited time offer.,Fruits,Central America and the Caribbean,Spain,52065
10,Free Shipping off on Clothes! Limited time offer.,Cosmetics,Australia and Oceania,Eritrea,51653
11,10% off on Cosmetics! Limited time offer.,Clothes,Asia,Haiti,82385
12,Buy 1 Get 1 off on Personal Care! Limited time offer.,Cereal,North America,Slovakia,78177
13,Free Shipping off on Cereal! Limited time offer.,Cosmetics,Australia and Oceania,Saudi Arabia,18204
14,Free Shipping off on Household! Limited time offer.,Clothes,Middle East and North Africa,Canada,71187
15,25% off on Snacks! Limited time offer.,Vegetables,Central America and the Caribbean,Mozambique,69462
16,Free Shipping off on Personal Care! Limited time offer.,Meat,Asia,Djibouti,53469
17,10% off on Cosmetics! Limited time offer.,Baby Food,Central America and the Caribbean,Guinea,78533
18,Buy 1 Get 1 off on Snacks! Limited time offer.,Snacks,Middle East and North Africa,Saint Lucia,25967
19,Free Shipping off on Vegetables! Limited time offer.,Household,Sub-Saharan Africa,Singapore,93870
20,Free Shipping off on Beverages! Limited time offer.,Fruits,Middle East and North Africa,Canada,80616
21,Buy 1 Get 1 off on Cereal! Limited time offer.,Cereal,Asia,Tunisia ,63957
22,Free Shipping off on Office Supplies! Limited time offer.,Snacks,Central America and the Caribbean,Kuwait,82768
23,Free Shipping off on Cereal! Limited time offer.,Meat,Middle East and North Africa,Slovakia,81393
24,10% off on Cereal! Limited time offer.,Cereal,Central America and the Caribbean,Montenegro,49525
25,10% off on Office Supplies! Limited time offer.,Meat,North America,Greenland,11923
26,10% off on Cosmetics! Limited time offer.,Cosmetics,Europe,Honduras,06453
27,Buy 1 Get 1 off on Baby Food! Limited time offer.,Beverages,Asia,Nauru,33586
28,Buy 1 Get 1 off on Meat! Limited time offer.,Office Supplies,Middle East and North Africa,Burundi,79510
29,25% off on Baby Food! Limited time offer.,Clothes,Sub-Saharan Africa,Liechtenstein,06792
30,25% off on Vegetables! Limited time offer.,Fruits,Sub-Saharan Africa,Israel,53559
31,Buy 1 Get 1 off on Fruits! Limited time offer.,Cereal,Australia and Oceania,Mozambique,38257
32,10% off on Personal Care! Limited time offer.,Cosmetics,North America,Comoros,90544
33,Free Shipping off on Fruits! Limited time offer.,Meat,Central America and the Caribbean,Saint Vincent and the Grenadines,32121
34,25% off on Vegetables! Limited time offer.,Meat,Central America and the Caribbean,Rwanda,28300
35,Free Shipping off on Vegetables! Limited time offer.,Cosmetics,Central America and the Caribbean,Hungary,16254
36,Free Shipping off on Personal Care! Limited time offer.,Household,Central America and the Caribbean,Central African Republic,49237
37,25% off on Baby Food! Limited time offer.,Beverages,Sub-Saharan Africa,Azerbaijan,81507
38,Buy 1 Get 1 off on Clothes! Limited time offer.,Household,Sub-Saharan Africa,Austria,14626
39,Free Shipping off on Vegetables! Limited time offer.,Cosmetics,Central America and the Caribbean,Equatorial Guinea,03105
40,Free Shipping off on Personal Care! Limited time offer.,Personal Care,Australia and Oceania,Tonga,17684
41,10% off on Baby Food! Limited time offer.,Meat,Australia and Oceania,Namibia,26769
42,25% off on Vegetables! Limited time offer.,Household,Sub-Saharan Africa,Cape Verde,39287
43,10% off on Personal Care! Limited time offer.,Office Supplies,Asia,Indonesia,56285
44,Free Shipping off on Personal Care! Limited time offer.,Personal Care,Central America and the Caribbean,Niger,26222
45,Buy 1 Get 1 off on Meat! Limited time offer.,Vegetables,Middle East and North Africa,Malta,39390
46,Free Shipping off on Cereal! Limited time offer.,Personal Care,North America,Jordan,66348
47,10% off on Beverages! Limited time offer.,Clothes,Central America and the Caribbean,Austria,55630
48,10% off on Snacks! Limited time offer.,Fruits,Middle East and North Africa,Tunisia ,13244
49,Buy 1 Get 1 off on Beverages! Limited time offer.,Clothes,Central America and the Caribbean,Mexico,56916
50,Free Shipping off on Household! Limited time offer.,Clothes,Central America and the Caribbean,Israel,13659
51,Free Shipping off on Vegetables! Limited time offer.,Fruits,Asia,Canada,65300
52,Buy 1 Get 1 off on Clothes! Limited time offer.,Cosmetics,North America,Belarus,85872
53,Buy 1 Get 1 off on Household! Limited time offer.,Beverages,Australia and Oceania,Mali,45287
54,25% off on Cosmetics! Limited time offer.,Baby Food,Central America and the Caribbean,Israel,00606
55,Free Shipping off on Office Supplies! Limited time offer.,Personal Care,Central America and the Caribbean,Samoa ,13227
56,25% off on Cosmetics! Limited time offer.,Beverages,Middle East and North Africa,Iran,49452
57,Buy 1 Get 1 off on Cosmetics! Limited time offer.,Beverages,Central America and the Caribbean,Fiji,18191
58,Buy 1 Get 1 off on Cosmetics! Limited time offer.,Cereal,Middle East and North Africa,Swaziland,74692
59,Buy 1 Get 1 off on Baby Food! Limited time offer.,Snacks,Sub-Saharan Africa,Guinea,02947
60,Buy 1 Get 1 off on Cereal! Limited time offer.,Beverages,Australia and Oceania,Lesotho,55332
61,10% off on Meat! Limited time offer.,Clothes,Central America and the Caribbean,Australia,84772
62,Buy 1 Get 1 off on Baby Food! Limited time offer.,Office Supplies,Central America and the Caribbean,France,32797
63,10% off on Clothes! Limited time offer.,Clothes,North America,Tuvalu,44208
64,Buy 1 Get 1 off on Fruits! Limited time offer.,Snacks,Sub-Saharan Africa,Maldives,20267
65,Free Shipping off on Meat! Limited time offer.,Cereal,North America,Honduras,84642
66,Free Shipping off on Beverages! Limited time offer.,Office Supplies,Europe,Armenia,80868
67,Free Shipping off on Clothes! Limited time offer.,Office Supplies,Central America and the Caribbean,Syria,95084
68,Free Shipping off on Beverages! Limited time offer.,Cosmetics,Europe,Djibouti,49608
69,Free Shipping off on Meat! Limited time offer.,Beverages,Central America and the Caribbean,Pakistan,51634
70,25% off on Personal Care! Limited time offer.,Office Supplies,Sub-Saharan Africa,Barbados,68278
71,Buy 1 Get 1 off on Meat! Limited time offer.,Meat,Europe,Mali,54416
72,Free Shipping off on Meat! Limited time offer.,Cereal,Sub-Saharan Africa,Angola,62977
73,Free Shipping off on Household! Limited time offer.,Snacks,North America,Gabon,37731
74,Free Shipping off on Snacks! Limited time offer.,Cosmetics,Europe,Belize,24708
75,Buy 1 Get 1 off on Meat! Limited time offer.,Beverages,Sub-Saharan Africa,Nicaragua,04562
76,25% off on Baby Food! Limited time offer.,Personal Care,Sub-Saharan Africa,Australia,82345
77,25% off on Baby Food! Limited time offer.,Snacks,Europe,Canada,90639
78,25% off on Cosmetics! Limited time offer.,Vegetables,Asia,Grenada,43665
79,Free Shipping off on Clothes! Limited time offer.,Office Supplies,North America,Cameroon,59466
80,10% off on Vegetables! Limited time offer.,Cereal,Australia and Oceania,Lesotho,19668
81,25% off on Snacks! Limited time offer.,Cosmetics,Middle East and North Africa,Ethiopia,98313
82,Free Shipping off on Cosmetics! Limited time offer.,Personal Care,Europe,Vatican City,29494
83,25% off on Meat! Limited time offer.,Personal Care,North America,Papua New Guinea,24961
84,Free Shipping off on Beverages! Limited time offer.,Fruits,Australia and Oceania,Finland,69631
85,25% off on Household! Limited time offer.,Cosmetics,Sub-Saharan Africa,Marshall Islands,38853
86,10% off on Cosmetics! Limited time offer.,Baby Food,Middle East and North Africa,Uzbekistan,65240
87,Buy 1 Get 1 off on Cereal! Limited time offer.,Personal Care,Asia,Mali,30573
88,25% off on Personal Care! Limited time offer.,Clothes,Sub-Saharan Africa,Turkmenistan,71698
89,25% off on Fruits! Limited time offer.,Vegetables,Sub-Saharan Africa,Papua New Guinea,79329
90,Free Shipping off on Snacks! Limited time offer.,Cosmetics,Asia,Ghana,16839
91,25% off on Personal Care! Limited time offer.,Cereal,Middle East and North Africa,Fiji,65530
92,Free Shipping off on Cereal! Limited time offer.,Office Supplies,Sub-Saharan Africa,Swaziland,10120
93,25% off on Office Supplies! Limited time offer.,Office Supplies,Sub-Saharan Africa,Central African Republic,34291
94,Free Shipping off on Clothes! Limited time offer.,Snacks,Central America and the Caribbean,Fiji,33301
95,Free Shipping off on Fruits! Limited time offer.,Cosmetics,North America,United Arab Emirates,50480
96,Free Shipping off on Fruits! Limited time offer.,Beverages,North America,Romania,06520
97,Buy 1 Get 1 off on Office Supplies! Limited time offer.,Clothes,Middle East and North Africa,Palau,58833
98,Buy 1 Get 1 off on Cosmetics! Limited time offer.,Snacks,Central America and the Caribbean,Mauritania,24907
99,Free Shipping off on Snacks! Limited time offer.,Meat,Asia,Nauru,38754
100,Buy 1 Get 1 off on Vegetables! Limited time offer.,Household,Central America and the Caribbean,Mali,63105
101,10% off on Cereal! Limited time offer.,Cosmetics,Europe,Ghana,86191
102,25% off on Personal Care! Limited time offer.,Meat,Sub-Saharan Africa,Lithuania,97681
103,Free Shipping off on Cosmetics! Limited time offer.,Clothes,Australia and Oceania,Zambia,49733
104,25% off on Baby Food! Limited time offer.,Clothes,Sub-Saharan Africa,Guatemala,84221
105,10% off on Office Supplies! Limited time offer.,Vegetables,North America,Bosnia and Herzegovina,94918
106,10% off on Beverages! Limited time offer.,Vegetables,Sub-Saharan Africa,India,19536
107,Buy 1 Get 1 off on Vegetables! Limited time offer.,Beverages,Sub-Saharan Africa,Philippines,37910
108,10% off on Cosmetics! Limited time offer.,Cosmetics,Australia and Oceania,Vanuatu,70522
109,10% off on Fruits! Limited time offer.,Household,Australia and Oceania,Tunisia ,41340
110,Free Shipping off on Meat! Limited time offer.,Snacks,Middle East and North Africa,Togo,02643
111,Buy 1 Get 1 off on Fruits! Limited time offer.,Personal Care,Sub-Saharan Africa,Guinea,15667
112,Buy 1 Get 1 off on Fruits! Limited time offer.,Office Supplies,Asia,Tuvalu,91304
113,Buy 1 Get 1 off on Snacks! Limited time offer.,Cosmetics,North America,Angola,79020
114,Free Shipping off on Household! Limited time offer.,Clothes,Asia,Samoa ,07580
115,Buy 1 Get 1 off on Household! Limited time offer.,Clothes,Australia and Oceania,Albania,40663
116,10% off on Household! Limited time offer.,Clothes,North America,The Bahamas,37891
117,10% off on Baby Food! Limited time offer.,Snacks,Central America and the Caribbean,Guatemala,83271
118,Free Shipping off on Cosmetics! Limited time offer.,Cereal,Australia and Oceania,Kuwait,73257
119,Buy 1 Get 1 off on Fruits! Limited time offer.,Beverages,Sub-Saharan Africa,Thailand,85096
120,10% off on Fruits! Limited time offer.,Fruits,Asia,Benin,83223
121,Buy 1 Get 1 off on Fruits! Limited time offer.,Snacks,North America,Iceland,64741
122,Buy 1 Get 1 off on Meat! Limited time offer.,Personal Care,Australia and Oceania,Belarus,39130
123,Buy 1 Get 1 off on Beverages! Limited time offer.,Snacks,Australia and Oceania,Latvia,95897
124,Buy 1 Get 1 off on Office Supplies! Limited time offer.,Snacks,Middle East and North Africa,Armenia,34873
125,25% off on Vegetables! Limited time offer.,Clothes,Australia and Oceania,Ireland,96159
126,10% off on Clothes! Limited time offer.,Snacks,Middle East and North Africa,Burundi,88450
127,10% off on Personal Care! Limited time offer.,Personal Care,Europe,Kiribati,42712
128,25% off on Meat! Limited time offer.,Personal Care,Europe,Equatorial Guinea,66162
129,Buy 1 Get 1 off on Household! Limited time offer.,Cereal,North America,Taiwan,60654
130,25% off on Clothes! Limited time offer.,Beverages,Sub-Saharan Africa,Mauritania,11438
131,Free Shipping off on Vegetables! Limited time offer.,Vegetables,Asia,South Korea,35907
132,25% off on Snacks! Limited time offer.,Snacks,North America,Uganda,60568
133,Buy 1 Get 1 off on Vegetables! Limited time offer.,Snacks,Sub-Saharan Africa,Thailand,15544
134,25% off on Beverages! Limited time offer.,Personal Care,Europe,Turkey,12504
135,25% off on Meat! Limited time offer.,Beverages,Europe,Bahrain,68550
136,10% off on Baby Food! Limited time offer.,Beverages,Europe,Singapore,41202
137,Buy 1 Get 1 off on Vegetables! Limited time offer.,Baby Food,Central America and the Caribbean,France,26895
138,25% off on Meat! Limited time offer.,Cosmetics,North America,Bosnia and Herzegovina,49384
139,25% off on Clothes! Limited time offer.,Meat,Europe,Malta,60366
140,Free Shipping off on Snacks! Limited time offer.,Personal Care,Australia and Oceania,Iran,93086
141,Buy 1 Get 1 off on Office Supplies! Limited time offer.,Cereal,Europe,Laos,39095
142,Buy 1 Get 1 off on Cereal! Limited time offer.,Vegetables,Europe,Botswana,01158
143,Free Shipping off on Snacks! Limited time offer.,Vegetables,Asia,Cameroon,76791
144,Buy 1 Get 1 off on Clothes! Limited time offer.,Vegetables,Asia,Central African Republic,86690
145,10% off on Cereal! Limited time offer.,Cosmetics,Asia,Oman,47750
146,Free Shipping off on Cereal! Limited time offer.,Cosmetics,Europe,Maldives,46597
147,Free Shipping off on Clothes! Limited time offer.,Office Supplies,Europe,Cyprus,37198
148,25% off on Clothes! Limited time offer.,Vegetables,Sub-Saharan Africa,Mozambique,57431
149,Buy 1 Get 1 off on Clothes! Limited time offer.,Cosmetics,North America,Egypt,68075
150,Free Shipping off on Cosmetics! Limited time offer.,Cosmetics,Central America and the Caribbean,Austria,67942
151,10% off on Meat! Limited time offer.,Personal Care,Central America and the Caribbean,Benin,19887
152,10% off on Beverages! Limited time offer.,Household,Asia,Mali,14963
153,Buy 1 Get 1 off on Clothes! Limited time offer.,Baby Food,Sub-Saharan Africa,India,81351
154,10% off on Cosmetics! Limited time offer.,Household,Asia,Saint Kitts and Nevis ,34017
155,25% off on Meat! Limited time offer.,Household,Sub-Saharan Africa,Turkmenistan,74906
156,25% off on Snacks! Limited time offer.,Meat,Sub-Saharan Africa,Sao Tome and Principe,99274
157,Buy 1 Get 1 off on Household! Limited time offer.,Vegetables,Central America and the Caribbean,Honduras,59225
158,25% off on Beverages! Limited time offer.,Vegetables,Sub-Saharan Africa,China,22965
159,10% off on Fruits! Limited time offer.,Office Supplies,Sub-Saharan Africa,Afghanistan,02371
160,Buy 1 Get 1 off on Cereal! Limited time offer.,Cereal,Europe,Russia,79245
161,Free Shipping off on Household! Limited time offer.,Beverages,Central America and the Caribbean,Oman,68706
162,10% off on Household! Limited time offer.,Fruits,Central America and the Caribbean,Burkina Faso,30610
163,Free Shipping off on Household! Limited time offer.,Snacks,Sub-Saharan Africa,Sweden,66469
164,25% off on Beverages! Limited time offer.,Cosmetics,Australia and Oceania,Senegal,97644
165,10% off on Vegetables! Limited time offer.,Household,Central America and the Caribbean,Cape Verde,54601
166,Free Shipping off on Household! Limited time offer.,Baby Food,Europe,Democratic Republic of the Congo,49062
167,25% off on Cosmetics! Limited time offer.,Meat,Central America and the Caribbean,Swaziland,61912
168,25% off on Baby Food! Limited time offer.,Beverages,Australia and Oceania,Afghanistan,69468
169,Buy 1 Get 1 off on Vegetables! Limited time offer.,Household,Central America and the Caribbean,Spain,05091
170,25% off on Fruits! Limited time offer.,Meat,Australia and Oceania,Slovenia,16157
171,Free Shipping off on Personal Care! Limited time offer.,Personal Care,Middle East and North Africa,Nigeria,55781
172,Buy 1 Get 1 off on Household! Limited time offer.,Clothes,Europe,Gabon,11477
173,25% off on Beverages! Limited time offer.,Cereal,North America,Saint Kitts and Nevis ,42127
174,Buy 1 Get 1 off on Snacks! Limited time offer.,Baby Food,North America,Montenegro,66256
175,Free Shipping off on Beverages! Limited time offer.,Vegetables,Asia,Kosovo,05457
176,25% off on Cosmetics! Limited time offer.,Office Supplies,North America,Sri Lanka,89126
177,10% off on Clothes! Limited time offer.,Vegetables,Sub-Saharan Africa,Liberia,08767
178,25% off on Vegetables! Limited time offer.,Cosmetics,Middle East and North Africa,Lithuania,45011
179,Free Shipping off on Clothes! Limited time offer.,Vegetables,Middle East and North Africa,Spain,90131
180,Buy 1 Get 1 off on Meat! Limited time offer.,Snacks,Europe,Saint Kitts and Nevis ,17646
181,Buy 1 Get 1 off on Snacks! Limited time offer.,Cereal,North America,Gabon,12507
182,10% off on Baby Food! Limited time offer.,Household,Europe,Cyprus,98980
183,Buy 1 Get 1 off on Fruits! Limited time offer.,Clothes,Europe,Sao Tome and Principe,58491
184,25% off on Office Supplies! Limited time offer.,Cosmetics,Australia and Oceania,Botswana,92160
185,25% off on Personal Care! Limited time offer.,Meat,Asia,Israel,49964
186,10% off on Personal Care! Limited time offer.,Meat,Australia and Oceania,Belarus,70209
187,10% off on Fruits! Limited time offer.,Vegetables,Asia,Costa Rica,93726
188,Buy 1 Get 1 off on Meat! Limited time offer.,Personal Care,Australia and Oceania,Haiti,96231
189,25% off on Office Supplies! Limited time offer.,Cereal,North America,South Korea,10259
190,Free Shipping off on Vegetables! Limited time offer.,Baby Food,Asia,Saudi Arabia,75361
191,Free Shipping off on Meat! Limited time offer.,Vegetables,North America,Grenada,65084
192,10% off on Cereal! Limited time offer.,Office Supplies,Central America and the Caribbean,Portugal,87907
193,Buy 1 Get 1 off on Vegetables! Limited time offer.,Office Supplies,Asia,Kiribati,00782
194,Free Shipping off on Snacks! Limited time offer.,Beverages,Middle East and North Africa,Marshall Islands,64053
195,Buy 1 Get 1 off on Clothes! Limited time offer.,Snacks,Europe,Morocco,65143
196,25% off on Clothes! Limited time offer.,Beverages,North America,Cameroon,92138
197,Buy 1 Get 1 off on Fruits! Limited time offer.,Cosmetics,Central America and the Caribbean,Namibia,72303
198,Free Shipping off on Cosmetics! Limited time offer.,Office Supplies,Europe,Brunei,38596
199,Free Shipping off on Vegetables! Limited time offer.,Household,Australia and Oceania,Poland,93161
200,25% off on Beverages! Limited time offer.,Fruits,North America,Mali,06449
201,10% off on Vegetables! Limited time offer.,Snacks,Sub-Saharan Africa,Cyprus,24910
202,Buy 1 Get 1 off on Cereal! Limited time offer.,Beverages,Middle East and North Africa,Solomon Islands,53761
203,Buy 1 Get 1 off on Baby Food! Limited time offer.,Clothes,Asia,Cyprus,06670
204,25% off on Meat! Limited time offer.,Cereal,Sub-Saharan Africa,South Korea,83233
205,25% off on Beverages! Limited time offer.,Clothes,North America,Denmark,41725
206,Buy 1 Get 1 off on Cereal! Limited time offer.,Snacks,Europe,Kiribati,69108
207,10% off on Clothes! Limited time offer.,Baby Food,Australia and Oceania,Mauritania,84612
208,10% off on Meat! Limited time offer.,Cosmetics,North America,Mexico,75254
209,25% off on Meat! Limited time offer.,Office Supplies,North America,Iran,41623
210,Buy 1 Get 1 off on Meat! Limited time offer.,Cereal,Asia,Greece,48590
211,Free Shipping off on Meat! Limited time offer.,Beverages,North America,Swaziland,07458
212,Free Shipping off on Cosmetics! Limited time offer.,Baby Food,North America,Austria,92287
213,10% off on Office Supplies! Limited time offer.,Clothes,Sub-Saharan Africa,Iraq,50727
214,Free Shipping off on Beverages! Limited time offer.,Cosmetics,Sub-Saharan Africa,Benin,59487
215,25% off on Snacks! Limited time offer.,Office Supplies,Central America and the Caribbean,Marshall Islands,01001
216,25% off on Clothes! Limited time offer.,Clothes,Australia and Oceania,Sudan,43405
217,Buy 1 Get 1 off on Fruits! Limited time offer.,Baby Food,Europe,Guinea,42270
218,25% off on Vegetables! Limited time offer.,Household,North America,Azerbaijan,12642
219,25% off on Meat! Limited time offer.,Household,Australia and Oceania,Zimbabwe,79629
220,Free Shipping off on Baby Food! Limited time offer.,Beverages,North America,Lithuania,71482
221,Buy 1 Get 1 off on Cosmetics! Limited time offer.,Office Supplies,Europe,Greenland,23209
222,10% off on Snacks! Limited time offer.,Personal Care,Middle East and North Africa,Norway,64307
223,Free Shipping off on Clothes! Limited time offer.,Personal Care,Asia,Armenia,20367
224,25% off on Cosmetics! Limited time offer.,Personal Care,Sub-Saharan Africa,Barbados,07931
225,Free Shipping off on Clothes! Limited time offer.,Beverages,Europe,Panama,23539
226,25% off on Beverages! Limited time offer.,Clothes,Middle East and North Africa,Central African Republic,80491
227,10% off on Cosmetics! Limited time offer.,Meat,Europe,Cote d'Ivoire,97459
228,Free Shipping off on Office Supplies! Limited time offer.,Office Supplies,Asia,Portugal,27139
229,25% off on Office Supplies! Limited time offer.,Meat,Europe,Albania,20870
230,Buy 1 Get 1 off on Fruits! Limited time offer.,Office Supplies,Asia,Singapore,77391
231,10% off on Baby Food! Limited time offer.,Fruits,Central America and the Caribbean,Bahrain,16668
232,Free Shipping off on Clothes! Limited time offer.,Household,Europe,Brunei,22174
233,10% off on Meat! Limited time offer.,Fruits,Asia,Liechtenstein,77409
234,Free Shipping off on Baby Food! Limited time offer.,Household,Australia and Oceania,Bangladesh,50328
235,Free Shipping off on Fruits! Limited time offer.,Household,Central America and the Caribbean,Jamaica,80276
236,10% off on Cereal! Limited time offer.,Meat,Sub-Saharan Africa,Cape Verde,34435
237,25% off on Meat! Limited time offer.,Personal Care,Central America and the Caribbean,Cuba,96488
238,10% off on Office Supplies! Limited time offer.,Clothes,Asia,Gabon,92023
239,25% off on Office Supplies! Limited time offer.,Household,North America,Greece,63294
240,25% off on Vegetables! Limited time offer.,Clothes,North America,Russia,66479
241,10% off on Vegetables! Limited time offer.,Clothes,Europe,Georgia,90412
242,10% off on Office Supplies! Limited time offer.,Cereal,Australia and Oceania,Tanzania,65634
243,Buy 1 Get 1 off on Vegetables! Limited time offer.,Personal Care,Europe,Central African Republic,91524
244,25% off on Personal Care! Limited time offer.,Fruits,North America,Central African Republic,53619
245,Buy 1 Get 1 off on Office Supplies! Limited time offer.,Vegetables,Middle East and North Africa,Antigua and Barbuda ,22951
246,25% off on Meat! Limited time offer.,Vegetables,Central America and the Caribbean,Bhutan,70063
247,Free Shipping off on Personal Care! Limited time offer.,Meat,Asia,Comoros,86996
248,Free Shipping off on Personal Care! Limited time offer.,Snacks,Middle East and North Africa,United States of America,98180
249,10% off on Clothes! Limited time offer.,Baby Food,Europe,Cape Verde,77506
250,25% off on Snacks! Limited time offer.,Fruits,Australia and Oceania,San Marino,27854
251,Free Shipping off on Cosmetics! Limited time offer.,Snacks,Middle East and North Africa,Myanmar,91048
252,25% off on Vegetables! Limited time offer.,Personal Care,Sub-Saharan Africa,El Salvador,97770
253,Free Shipping off on Fruits! Limited time offer.,Household,Sub-Saharan Africa,Democratic Republic of the Congo,76372
254,Buy 1 Get 1 off on Baby Food! Limited time offer.,Snacks,Asia,Cote d'Ivoire,76319
255,Buy 1 Get 1 off on Beverages! Limited time offer.,Vegetables,Central America and the Caribbean,Croatia,39760
256,25% off on Fruits! Limited time offer.,Vegetables,Asia,Djibouti,76541
257,Buy 1 Get 1 off on Meat! Limited time offer.,Meat,Asia,Papua New Guinea,75926
258,Buy 1 Get 1 off on Vegetables! Limited time offer.,Fruits,Central America and the Caribbean,Denmark,22407
259,25% off on Household! Limited time offer.,Household,North America,Brunei,77481
260,Buy 1 Get 1 off on Snacks! Limited time offer.,Cosmetics,Middle East and North Africa,Hungary,41992
261,10% off on Personal Care! Limited time offer.,Cosmetics,Middle East and North Africa,Italy,13007
262,10% off on Clothes! Limited time offer.,Snacks,Middle East and North Africa,Mexico,58464
263,10% off on Cereal! Limited time offer.,Clothes,Australia and Oceania,Malawi,32641
264,10% off on Cereal! Limited time offer.,Cosmetics,Central America and the Caribbean,Finland,30348
265,10% off on Snacks! Limited time offer.,Clothes,Middle East and North Africa,Greenland,55168
266,Buy 1 Get 1 off on Beverages! Limited time offer.,Office Supplies,Sub-Saharan Africa,Singapore,50863
267,Free Shipping off on Clothes! Limited time offer.,Office Supplies,Sub-Saharan Africa,Spain,86396
268,Buy 1 Get 1 off on Clothes! Limited time offer.,Household,North America,Lebanon,78108
269,Buy 1 Get 1 off on Meat! Limited time offer.,Snacks,Australia and Oceania,Kuwait,13934
270,Free Shipping off on Cereal! Limited time offer.,Office Supplies,Middle East and North Africa,Tonga,40189
271,Free Shipping off on Personal Care! Limited time offer.,Beverages,Europe,South Africa,03192
272,10% off on Cereal! Limited time offer.,Meat,Central America and the Caribbean,Romania,57840
273,10% off on Snacks! Limited time offer.,Fruits,Central America and the Caribbean,Cape Verde,50317
274,Buy 1 Get 1 off on Baby Food! Limited time offer.,Cereal,North America,Sudan,84119
275,Buy 1 Get 1 off on Clothes! Limited time offer.,Beverages,Europe,Burundi,36788
276,10% off on Household! Limited time offer.,Household,Sub-Saharan Africa,Bosnia and Herzegovina,17070
277,Buy 1 Get 1 off on Cosmetics! Limited time offer.,Fruits,Sub-Saharan Africa,Greenland,99248
278,Free Shipping off on Baby Food! Limited time offer.,Snacks,Asia,Thailand,60421
279,Free Shipping off on Household! Limited time offer.,Beverages,Sub-Saharan Africa,Democratic Republic of the Congo,35112
280,25% off on Vegetables! Limited time offer.,Snacks,Sub-Saharan Africa,Libya,35786
281,Buy 1 Get 1 off on Cosmetics! Limited time offer.,Office Supplies,Asia,Greece,93468
282,10% off on Snacks! Limited time offer.,Beverages,North America,Central African Republic,86886
283,Free Shipping off on Clothes! Limited time offer.,Snacks,Asia,Liechtenstein,28287
284,Free Shipping off on Fruits! Limited time offer.,Clothes,Middle East and North Africa,Libya,39664
285,Buy 1 Get 1 off on Baby Food! Limited time offer.,Office Supplies,Europe,Vietnam,43234
286,Buy 1 Get 1 off on Office Supplies! Limited time offer.,Office Supplies,Australia and Oceania,Bulgaria,27837
287,25% off on Meat! Limited time offer.,Fruits,Asia,San Marino,81778
288,25% off on Vegetables! Limited time offer.,Office Supplies,Australia and Oceania,Kazakhstan,10254
289,Free Shipping off on Household! Limited time offer.,Household,North America,Thailand,17193
290,Buy 1 Get 1 off on Cereal! Limited time offer.,Cosmetics,Europe,United States of America,35628
291,Free Shipping off on Clothes! Limited time offer.,Personal Care,Sub-Saharan Africa,Iceland,91543
292,Free Shipping off on Snacks! Limited time offer.,Household,Middle East and North Africa,Myanmar,89713
293,25% off on Vegetables! Limited time offer.,Clothes,Europe,Kyrgyzstan,58993
294,10% off on Cosmetics! Limited time offer.,Cosmetics,Central America and the Caribbean,Sri Lanka,92451
295,Free Shipping off on Meat! Limited time offer.,Snacks,North America,Lithuania,37167
296,Free Shipping off on Snacks! Limited time offer.,Personal Care,North America,Greenland,10069
297,Buy 1 Get 1 off on Office Supplies! Limited time offer.,Clothes,Middle East and North Africa,Cote d'Ivoire,55208
298,25% off on Beverages! Limited time offer.,Personal Care,Sub-Saharan Africa,Nigeria,93121
299,Free Shipping off on Cosmetics! Limited time offer.,Beverages,Sub-Saharan Africa,Iraq,91428
300,25% off on Beverages! Limited time offer.,Meat,Asia,Tuvalu,02224
301,25% off on Clothes! Limited time offer.,Fruits,Middle East and North Africa,India,29294
302,25% off on Cosmetics! Limited time offer.,Cereal,Sub-Saharan Africa,Georgia,44007
303,Buy 1 Get 1 off on Personal Care! Limited time offer.,Cereal,North America,Slovakia,26900
304,10% off on Clothes! Limited time offer.,Baby Food,Central America and the Caribbean,India,48296
305,Buy 1 Get 1 off on Personal Care! Limited time offer.,Office Supplies,Europe,Marshall Islands,24342
306,Buy 1 Get 1 off on Meat! Limited time offer.,Cosmetics,Asia,Montenegro,47761
307,10% off on Fruits! Limited time offer.,Cereal,Central America and the Caribbean,Ghana,52691
308,25% off on Household! Limited time offer.,Fruits,Asia,Czech Republic,17266
309,25% off on Cereal! Limited time offer.,Cosmetics,Sub-Saharan Africa,San Marino,30314
310,25% off on Vegetables! Limited time offer.,Fruits,Central America and the Caribbean,Antigua and Barbuda ,08661
311,Free Shipping off on Personal Care! Limited time offer.,Baby Food,Asia,Dominican Republic,56130
312,Free Shipping off on Vegetables! Limited time offer.,Household,Sub-Saharan Africa,Canada,18330
313,10% off on Clothes! Limited time offer.,Cereal,Middle East and North Africa,Tuvalu,68365
314,25% off on Clothes! Limited time offer.,Clothes,Europe,Tonga,25984
315,Free Shipping off on Beverages! Limited time offer.,Personal Care,Australia and Oceania,Botswana,87915
316,Free Shipping off on Meat! Limited time offer.,Meat,Middle East and North Africa,Trinidad and Tobago,83668
317,25% off on Vegetables! Limited time offer.,Beverages,Australia and Oceania,Luxembourg,14637
318,10% off on Personal Care! Limited time offer.,Meat,North America,Singapore,55100
319,25% off on Office Supplies! Limited time offer.,Cosmetics,Asia,Turkey,75664
320,25% off on Baby Food! Limited time offer.,Cosmetics,Middle East and North Africa,Sri Lanka,80967
321,Free Shipping off on Beverages! Limited time offer.,Personal Care,Sub-Saharan Africa,Monaco,25186
322,Buy 1 Get 1 off on Office Supplies! Limited time offer.,Cosmetics,Europe,Jordan,68888
323,Free Shipping off on Cereal! Limited time offer.,Cereal,North America,Moldova ,67700
324,Free Shipping off on Vegetables! Limited time offer.,Beverages,Europe,Vatican City,66030
325,25% off on Cosmetics! Limited time offer.,Personal Care,Australia and Oceania,Spain,29573
326,Buy 1 Get 1 off on Personal Care! Limited time offer.,Office Supplies,Sub-Saharan Africa,Vanuatu,64237
327,Buy 1 Get 1 off on Household! Limited time offer.,Beverages,Asia,Moldova ,98098
328,10% off on Fruits! Limited time offer.,Office Supplies,North America,India,06137
329,10% off on Fruits! Limited time offer.,Beverages,Asia,Belgium,79925
330,Buy 1 Get 1 off on Baby Food! Limited time offer.,Cereal,Asia,Kosovo,70973
331,10% off on Beverages! Limited time offer.,Clothes,North America,Cambodia,79076
332,Buy 1 Get 1 off on Household! Limited time offer.,Baby Food,Australia and Oceania,Swaziland,41121
333,25% off on Cereal! Limited time offer.,Fruits,North America,Spain,05093
334,Free Shipping off on Cosmetics! Limited time offer.,Fruits,Asia,East Timor,10372
335,Buy 1 Get 1 off on Cereal! Limited time offer.,Personal Care,Europe,Morocco,59653
336,Free Shipping off on Meat! Limited time offer.,Personal Care,Australia and Oceania,Moldova ,60899
337,10% off on Office Supplies! Limited time offer.,Beverages,Europe,Chad,67153
338,10% off on Office Supplies! Limited time offer.,Fruits,Europe,Costa Rica,79795
339,Free Shipping off on Household! Limited time offer.,Cosmetics,Middle East and North Africa,Yemen,97901
340,Free Shipping off on Household! Limited time offer.,Personal Care,North America,Turkey,11045
341,10% off on Cereal! Limited time offer.,Snacks,Australia and Oceania,Vietnam,62165
342,Free Shipping off on Meat! Limited time offer.,Office Supplies,Middle East and North Africa,Burundi,38311
343,10% off on Meat! Limited time offer.,Beverages,Sub-Saharan Africa,South Sudan,16638
344,Free Shipping off on Personal Care! Limited time offer.,Personal Care,Central America and the Caribbean,Greece,73696
345,25% off on Beverages! Limited time offer.,Vegetables,Europe,Pakistan,14256
346,Buy 1 Get 1 off on Cosmetics! Limited time offer.,Office Supplies,Sub-Saharan Africa,Kuwait,34290
347,25% off on Cosmetics! Limited time offer.,Baby Food,Australia and Oceania,Gabon,71381
348,Free Shipping off on Clothes! Limited time offer.,Beverages,Middle East and North Africa,Luxembourg,08410
349,Buy 1 Get 1 off on Fruits! Limited time offer.,Personal Care,Sub-Saharan Africa,Azerbaijan,20346
350,25% off on Clothes! Limited time offer.,Household,Australia and Oceania,Netherlands,73583
351,10% off on Cereal! Limited time offer.,Office Supplies,Europe,Cape Verde,97591
352,Free Shipping off on Baby Food! Limited time offer.,Clothes,Central America and the Caribbean,Swaziland,20217
353,Buy 1 Get 1 off on Vegetables! Limited time offer.,Personal Care,Middle East and North Africa,Vatican City,31017
354,Buy 1 Get 1 off on Personal Care! Limited time offer.,Beverages,North America,Tonga,14224
355,Buy 1 Get 1 off on Personal Care! Limited time offer.,Cereal,Central America and the Caribbean,Norway,06220
356,10% off on Personal Care! Limited time offer.,Fruits,North America,Azerbaijan,30927
357,Free Shipping off on Fruits! Limited time offer.,Personal Care,Sub-Saharan Africa,Austria,76037
358,10% off on Clothes! Limited time offer.,Personal Care,Middle East and North Africa,Indonesia,47413
359,Free Shipping off on Personal Care! Limited time offer.,Vegetables,Australia and Oceania,Kosovo,78093
360,Buy 1 Get 1 off on Personal Care! Limited time offer.,Fruits,North America,Nigeria,68414
361,Free Shipping off on Snacks! Limited time offer.,Snacks,Europe,Turkey,11293
362,10% off on Snacks! Limited time offer.,Clothes,Middle East and North Africa,Dominica,34116
363,Free Shipping off on Snacks! Limited time offer.,Cosmetics,Sub-Saharan Africa,Monaco,86096
364,Buy 1 Get 1 off on Personal Care! Limited time offer.,Cosmetics,Australia and Oceania,Tunisia ,88503
365,25% off on Fruits! Limited time offer.,Meat,Middle East and North Africa,Senegal,29350
366,10% off on Cosmetics! Limited time offer.,Clothes,North America,Guatemala,28691
367,25% off on Personal Care! Limited time offer.,Meat,Europe,Netherlands,20600
368,Free Shipping off on Personal Care! Limited time offer.,Beverages,Middle East and North Africa,Turkmenistan,42029
369,25% off on Beverages! Limited time offer.,Personal Care,Central America and the Caribbean,United Kingdom,04431
370,Buy 1 Get 1 off on Fruits! Limited time offer.,Cereal,Central America and the Caribbean,Romania,66519
371,Free Shipping off on Beverages! Limited time offer.,Personal Care,Australia and Oceania,Honduras,35042
372,Buy 1 Get 1 off on Cosmetics! Limited time offer.,Beverages,North America,Tunisia ,19524
373,Free Shipping off on Personal Care! Limited time offer.,Meat,Asia,South Africa,30175
374,25% off on Beverages! Limited time offer.,Clothes,North America,Armenia,26431
375,25% off on Snacks! Limited time offer.,Baby Food,Australia and Oceania,Malaysia,87078
376,Free Shipping off on Beverages! Limited time offer.,Fruits,North America,Dominican Republic,45952
377,25% off on Clothes! Limited time offer.,Fruits,Sub-Saharan Africa,Saint Lucia,71102
378,10% off on Beverages! Limited time offer.,Fruits,Europe,France,81169
379,Free Shipping off on Clothes! Limited time offer.,Office Supplies,Middle East and North Africa,Palau,05380
380,10% off on Meat! Limited time offer.,Beverages,Europe,Luxembourg,68220
381,Buy 1 Get 1 off on Beverages! Limited time offer.,Office Supplies,Asia,Poland,58586
382,10% off on Snacks! Limited time offer.,Beverages,Australia and Oceania,Liechtenstein,60287
383,10% off on Meat! Limited time offer.,Beverages,North America,Spain,05645
384,25% off on Office Supplies! Limited time offer.,Meat,Europe,Ethiopia,81210
385,Free Shipping off on Cosmetics! Limited time offer.,Fruits,Middle East and North Africa,Nicaragua,56461
386,10% off on Cosmetics! Limited time offer.,Cosmetics,Central America and the Caribbean,Hungary,36921
387,10% off on Fruits! Limited time offer.,Cosmetics,Sub-Saharan Africa,New Zealand,22128
388,10% off on Meat! Limited time offer.,Fruits,North America,Oman,64515
389,Free Shipping off on Snacks! Limited time offer.,Cosmetics,Sub-Saharan Africa,Myanmar,20877
390,10% off on Beverages! Limited time offer.,Fruits,Middle East and North Africa,Chad,54051
391,Buy 1 Get 1 off on Cosmetics! Limited time offer.,Snacks,Middle East and North Africa,Georgia,59825
392,25% off on Personal Care! Limited time offer.,Household,Central America and the Caribbean,Kazakhstan,76411
393,Buy 1 Get 1 off on Beverages! Limited time offer.,Snacks,Australia and Oceania,Azerbaijan,58391
394,25% off on Fruits! Limited time offer.,Personal Care,Middle East and North Africa,Palau,14358
395,25% off on Clothes! Limited time offer.,Cereal,Middle East and North Africa,Jordan,99844
396,Buy 1 Get 1 off on Personal Care! Limited time offer.,Beverages,North America,Brunei,82280
397,25% off on Personal Care! Limited time offer.,Household,North America,Botswana,04192
398,10% off on Personal Care! Limited time offer.,Baby Food,Asia,Antigua and Barbuda ,32999
399,10% off on Office Supplies! Limited time offer.,Cereal,Australia and Oceania,Vietnam,59222
400,Free Shipping off on Snacks! Limited time offer.,Vegetables,Central America and the Caribbean,Hungary,85651
401,10% off on Beverages! Limited time offer.,Office Supplies,Sub-Saharan Africa,Afghanistan,05313
402,25% off on Cereal! Limited time offer.,Clothes,Europe,Andorra,36294
403,25% off on Cosmetics! Limited time offer.,Cosmetics,Sub-Saharan Africa,South Korea,68383
404,10% off on Personal Care! Limited time offer.,Fruits,Sub-Saharan Africa,Iraq,69548
405,25% off on Cosmetics! Limited time offer.,Vegetables,Europe,Kyrgyzstan,90659
406,Free Shipping off on Snacks! Limited time offer.,Meat,North America,Malawi,97423
407,25% off on Cosmetics! Limited time offer.,Meat,North America,Cuba,52609
408,Buy 1 Get 1 off on Meat! Limited time offer.,Cosmetics,Sub-Saharan Africa,Kazakhstan,56242
409,10% off on Household! Limited time offer.,Cereal,North America,Iraq,22761
410,10% off on Meat! Limited time offer.,Beverages,North America,Canada,42724
411,Free Shipping off on Snacks! Limited time offer.,Vegetables,North America,Uganda,30033
412,25% off on Cosmetics! Limited time offer.,Office Supplies,Australia and Oceania,Taiwan,48933
413,25% off on Cereal! Limited time offer.,Office Supplies,Asia,Portugal,82671
414,Buy 1 Get 1 off on Personal Care! Limited time offer.,Beverages,Europe,Rwanda,15653
415,10% off on Fruits! Limited time offer.,Clothes,Sub-Saharan Africa,Myanmar,38806
416,10% off on Meat! Limited time offer.,Cereal,Central America and the Caribbean,Kenya,58258
417,25% off on Cereal! Limited time offer.,Office Supplies,Asia,Romania,03380
418,25% off on Baby Food! Limited time offer.,Baby Food,North America,Iraq,78615
419,10% off on Fruits! Limited time offer.,Clothes,North America,Guinea-Bissau,37860
420,10% off on Household! Limited time offer.,Office Supplies,Middle East and North Africa,Togo,46023
421,10% off on Vegetables! Limited time offer.,Office Supplies,Australia and Oceania,Mali,96441
422,10% off on Personal Care! Limited time offer.,Household,North America,Lebanon,80349
423,10% off on Beverages! Limited time offer.,Fruits,North America,Portugal,40826
424,25% off on Baby Food! Limited time offer.,Fruits,Central America and the Caribbean,Samoa ,32396
425,Free Shipping off on Personal Care! Limited time offer.,Household,Central America and the Caribbean,Iceland,36128
426,10% off on Cereal! Limited time offer.,Beverages,Australia and Oceania,Burkina Faso,01029
427,25% off on Cosmetics! Limited time offer.,Personal Care,North America,Chad,87672
428,Buy 1 Get 1 off on Personal Care! Limited time offer.,Baby Food,Australia and Oceania,Andorra,94554
429,Free Shipping off on Vegetables! Limited time offer.,Fruits,Asia,Madagascar,55283
430,Buy 1 Get 1 off on Household! Limited time offer.,Cosmetics,Middle East and North Africa,Serbia,37119
431,Free Shipping off on Cosmetics! Limited time offer.,Snacks,Asia,Dominican Republic,25561
432,25% off on Baby Food! Limited time offer.,Vegetables,North America,Afghanistan,82235
433,10% off on Fruits! Limited time offer.,Clothes,Sub-Saharan Africa,India,33377
434,Free Shipping off on Beverages! Limited time offer.,Cereal,Australia and Oceania,Senegal,00698
435,25% off on Cosmetics! Limited time offer.,Beverages,North America,Central African Republic,34834
436,Free Shipping off on Cosmetics! Limited time offer.,Office Supplies,Sub-Saharan Africa,Liechtenstein,85477
437,25% off on Cereal! Limited time offer.,Office Supplies,Middle East and North Africa,The Bahamas,14788
438,25% off on Cereal! Limited time offer.,Snacks,Asia,Serbia,12385
439,Free Shipping off on Meat! Limited time offer.,Meat,Central America and the Caribbean,Republic of the Congo,55070
440,Free Shipping off on Clothes! Limited time offer.,Baby Food,North America,Mozambique,50607
441,25% off on Beverages! Limited time offer.,Meat,North America,Netherlands,78645
442,25% off on Fruits! Limited time offer.,Beverages,Central America and the Caribbean,Bulgaria,86039
443,Buy 1 Get 1 off on Cosmetics! Limited time offer.,Cosmetics,Sub-Saharan Africa,Armenia,86989
444,10% off on Cereal! Limited time offer.,Snacks,Asia,Saint Lucia,17828
445,25% off on Snacks! Limited time offer.,Fruits,Australia and Oceania,Laos,80331
446,Buy 1 Get 1 off on Snacks! Limited time offer.,Baby Food,Asia,Bahrain,48429
447,Free Shipping off on Office Supplies! Limited time offer.,Clothes,Middle East and North Africa,Seychelles ,63366
448,Buy 1 Get 1 off on Snacks! Limited time offer.,Household,Central America and the Caribbean,Azerbaijan,10777
449,Buy 1 Get 1 off on Clothes! Limited time offer.,Office Supplies,Australia and Oceania,Panama,28346
450,25% off on Snacks! Limited time offer.,Office Supplies,Sub-Saharan Africa,Lithuania,28177
451,Free Shipping off on Office Supplies! Limited time offer.,Fruits,Middle East and North Africa,United Kingdom,68184
452,25% off on Office Supplies! Limited time offer.,Cosmetics,Australia and Oceania,Montenegro,59095
453,Free Shipping off on Cosmetics! Limited time offer.,Cereal,Middle East and North Africa,Singapore,85164
454,25% off on Clothes! Limited time offer.,Cereal,Middle East and North Africa,Luxembourg,05011
455,10% off on Meat! Limited time offer.,Snacks,Asia,Cyprus,40803
456,Buy 1 Get 1 off on Cereal! Limited time offer.,Cereal,Australia and Oceania,Taiwan,30247
457,Free Shipping off on Vegetables! Limited time offer.,Cosmetics,Middle East and North Africa,Hungary,60217
458,25% off on Baby Food! Limited time offer.,Office Supplies,Australia and Oceania,Serbia,63454
459,Free Shipping off on Vegetables! Limited time offer.,Baby Food,North America,Guinea,70674
460,25% off on Office Supplies! Limited time offer.,Beverages,Sub-Saharan Africa,Guinea,93374
461,Free Shipping off on Office Supplies! Limited time offer.,Snacks,Sub-Saharan Africa,The Gambia,36019
462,10% off on Snacks! Limited time offer.,Beverages,Sub-Saharan Africa,Marshall Islands,69107
463,10% off on Beverages! Limited time offer.,Vegetables,Europe,Luxembourg,16507
464,10% off on Household! Limited time offer.,Beverages,Sub-Saharan Africa,South Africa,39353
465,10% off on Beverages! Limited time offer.,Snacks,Europe,Botswana,87538
466,10% off on Cereal! Limited time offer.,Cosmetics,Europe,Iraq,45428
467,Free Shipping off on Cereal! Limited time offer.,Vegetables,Asia,Nigeria,83649
468,10% off on Cereal! Limited time offer.,Clothes,Sub-Saharan Africa,Slovenia,43726
469,10% off on Snacks! Limited time offer.,Household,Sub-Saharan Africa,United States of America,84471
470,Buy 1 Get 1 off on Office Supplies! Limited time offer.,Fruits,Asia,Algeria,37310
471,Free Shipping off on Household! Limited time offer.,Cereal,Asia,Mexico,60524
472,10% off on Office Supplies! Limited time offer.,Baby Food,Europe,Greece,09837
473,Free Shipping off on Office Supplies! Limited time offer.,Clothes,Middle East and North Africa,Uganda,94239
474,Free Shipping off on Snacks! Limited time offer.,Fruits,North America,Myanmar,90059
475,25% off on Office Supplies! Limited time offer.,Vegetables,Australia and Oceania,Iraq,53666
476,10% off on Beverages! Limited time offer.,Meat,Europe,Angola,60491
477,10% off on Cereal! Limited time offer.,Clothes,Central America and the Caribbean,East Timor,72370
478,Buy 1 Get 1 off on Household! Limited time offer.,Beverages,Middle East and North Africa,El Salvador,26085
479,Free Shipping off on Beverages! Limited time offer.,Meat,Central America and the Caribbean,Uganda,89353
480,Free Shipping off on Cosmetics! Limited time offer.,Clothes,Asia,Antigua and Barbuda ,94491
481,Free Shipping off on Cereal! Limited time offer.,Household,Central America and the Caribbean,Finland,80330
482,Buy 1 Get 1 off on Snacks! Limited time offer.,Cereal,North America,San Marino,74233
483,25% off on Cereal! Limited time offer.,Cereal,North America,Panama,81609
484,Buy 1 Get 1 off on Baby Food! Limited time offer.,Snacks,Sub-Saharan Africa,South Sudan,86935
485,25% off on Office Supplies! Limited time offer.,Fruits,Sub-Saharan Africa,East Timor,82960
486,25% off on Snacks! Limited time offer.,Baby Food,North America,Greenland,09175
487,25% off on Cosmetics! Limited time offer.,Fruits,Europe,Nauru,10100
488,10% off on Office Supplies! Limited time offer.,Fruits,Sub-Saharan Africa,Mauritania,57132
489,Buy 1 Get 1 off on Household! Limited time offer.,Beverages,Australia and Oceania,Rwanda,82179
490,25% off on Cereal! Limited time offer.,Fruits,Asia,Sao Tome and Principe,83069
491,Buy 1 Get 1 off on Clothes! Limited time offer.,Office Supplies,Australia and Oceania,Bulgaria,03860
492,10% off on Office Supplies! Limited time offer.,Fruits,Central America and the Caribbean,Tonga,73229
493,10% off on Cosmetics! Limited time offer.,Beverages,Middle East and North Africa,Sri Lanka,43704
494,Free Shipping off on Household! Limited time offer.,Snacks,Middle East and North Africa,Dominican Republic,85149
495,10% off on Cosmetics! Limited time offer.,Beverages,Sub-Saharan Africa,Russia,54071
496,Free Shipping off on Clothes! Limited time offer.,Beverages,Middle East and North Africa,Seychelles ,25244
497,25% off on Cosmetics! Limited time offer.,Snacks,Central America and the Caribbean,Andorra,04911
498,25% off on Cosmetics! Limited time offer.,Fruits,Sub-Saharan Africa,Ireland,94772
499,10% off on Vegetables! Limited time offer.,Clothes,Asia,Vanuatu,58699
500,25% off on Cosmetics! Limited time offer.,Baby Food,Sub-Saharan Africa,Italy,76889
501,10% off on Clothes! Limited time offer.,Beverages,North America,Senegal,58261
502,25% off on Office Supplies! Limited time offer.,Vegetables,Middle East and North Africa,Bahrain,97511
503,Free Shipping off on Baby Food! Limited time offer.,Office Supplies,Sub-Saharan Africa,Guinea,26524
504,Buy 1 Get 1 off on Snacks! Limited time offer.,Snacks,Europe,Cote d'Ivoire,98641
505,10% off on Vegetables! Limited time offer.,Vegetables,Europe,Cambodia,05257
506,10% off on Personal Care! Limited time offer.,Vegetables,Middle East and North Africa,Chad,19641
507,Buy 1 Get 1 off on Fruits! Limited time offer.,Fruits,Middle East and North Africa,Cyprus,29552
508,10% off on Cosmetics! Limited time offer.,Office Supplies,Australia and Oceania,Monaco,35229
509,Buy 1 Get 1 off on Fruits! Limited time offer.,Household,Europe,Ghana,73807
510,Buy 1 Get 1 off on Personal Care! Limited time offer.,Vegetables,Middle East and North Africa,Comoros,00757
511,10% off on Clothes! Limited time offer.,Snacks,Sub-Saharan Africa,Uganda,37439
512,10% off on Personal Care! Limited time offer.,Meat,Europe,France,84223
513,Free Shipping off on Personal Care! Limited time offer.,Personal Care,Asia,South Africa,79457
514,10% off on Household! Limited time offer.,Fruits,Middle East and North Africa,Haiti,67676
515,10% off on Office Supplies! Limited time offer.,Household,Middle East and North Africa,Vatican City,52935
516,10% off on Baby Food! Limited time offer.,Household,North America,Jordan,03673
517,25% off on Fruits! Limited time offer.,Snacks,Europe,Gabon,18148
518,Free Shipping off on Cereal! Limited time offer.,Clothes,North America,Portugal,39312
519,Buy 1 Get 1 off on Household! Limited time offer.,Snacks,North America,Singapore,78934
520,25% off on Meat! Limited time offer.,Cosmetics,Central America and the Caribbean,Eritrea,73543
521,Free Shipping off on Cosmetics! Limited time offer.,Office Supplies,Asia,Burkina Faso,36636
522,10% off on Office Supplies! Limited time offer.,Personal Care,Sub-Saharan Africa,Afghanistan,52410
523,Free Shipping off on Household! Limited time offer.,Household,Central America and the Caribbean,Moldova ,14583
524,Free Shipping off on Office Supplies! Limited time offer.,Clothes,North America,Namibia,53563
525,25% off on Household! Limited time offer.,Cosmetics,Central America and the Caribbean,Mauritania,58774
526,Free Shipping off on Fruits! Limited time offer.,Office Supplies,Europe,Malta,85773
527,Buy 1 Get 1 off on Household! Limited time offer.,Vegetables,Central America and the Caribbean,Greenland,96902
528,25% off on Beverages! Limited time offer.,Clothes,Sub-Saharan Africa,Maldives,30739
529,10% off on Beverages! Limited time offer.,Office Supplies,Sub-Saharan Africa,Cambodia,58619
530,10% off on Clothes! Limited time offer.,Cereal,Asia,Liberia,83086
531,Free Shipping off on Meat! Limited time offer.,Beverages,Europe,Vietnam,66649
532,25% off on Cereal! Limited time offer.,Fruits,Asia,Sri Lanka,12099
533,25% off on Snacks! Limited time offer.,Clothes,North America,Samoa ,85850
534,25% off on Baby Food! Limited time offer.,Household,Australia and Oceania,Democratic Republic of the Congo,41202
535,Free Shipping off on Cereal! Limited time offer.,Cosmetics,Sub-Saharan Africa,Papua New Guinea,85103
536,Free Shipping off on Beverages! Limited time offer.,Personal Care,Europe,Barbados,34767
537,25% off on Vegetables! Limited time offer.,Office Supplies,Middle East and North Africa,Albania,17586
538,Buy 1 Get 1 off on Office Supplies! Limited time offer.,Cereal,Sub-Saharan Africa,South Africa,64605
539,Buy 1 Get 1 off on Household! Limited time offer.,Fruits,Central America and the Caribbean,Tuvalu,60016
540,Free Shipping off on Cosmetics! Limited time offer.,Vegetables,Middle East and North Africa,Jamaica,22783
541,Buy 1 Get 1 off on Meat! Limited time offer.,Cosmetics,Australia and Oceania,Turkey,71300
542,10% off on Snacks! Limited time offer.,Meat,Europe,Philippines,01930
543,Free Shipping off on Cosmetics! Limited time offer.,Baby Food,Australia and Oceania,Eritrea,77803
544,Buy 1 Get 1 off on Fruits! Limited time offer.,Snacks,Australia and Oceania,Afghanistan,91358
545,25% off on Cereal! Limited time offer.,Cereal,Sub-Saharan Africa,Cambodia,50444
546,Buy 1 Get 1 off on Fruits! Limited time offer.,Household,Central America and the Caribbean,South Sudan,09640
547,Buy 1 Get 1 off on Cosmetics! Limited time offer.,Household,North America,Fiji,14820
548,25% off on Household! Limited time offer.,Meat,Sub-Saharan Africa,Liechtenstein,54098
549,Free Shipping off on Vegetables! Limited time offer.,Fruits,Central America and the Caribbean,Fiji,25421
550,Free Shipping off on Beverages! Limited time offer.,Personal Care,Asia,Malta,20863
551,10% off on Household! Limited time offer.,Baby Food,North America,Japan,75888
552,Buy 1 Get 1 off on Clothes! Limited time offer.,Household,Australia and Oceania,Malaysia,77907
553,Free Shipping off on Fruits! Limited time offer.,Cosmetics,Central America and the Caribbean,Israel,56365
554,Free Shipping off on Beverages! Limited time offer.,Clothes,Australia and Oceania,Bhutan,68616
555,10% off on Cereal! Limited time offer.,Snacks,Sub-Saharan Africa,Bulgaria,38915
556,Buy 1 Get 1 off on Personal Care! Limited time offer.,Cosmetics,Central America and the Caribbean,Serbia,25540
557,Free Shipping off on Cosmetics! Limited time offer.,Baby Food,Europe,Saint Vincent and the Grenadines,61138
558,10% off on Office Supplies! Limited time offer.,Office Supplies,Central America and the Caribbean,Luxembourg,78891
559,Buy 1 Get 1 off on Baby Food! Limited time offer.,Vegetables,North America,Sudan,94513
560,Free Shipping off on Snacks! Limited time offer.,Cosmetics,Australia and Oceania,Philippines,36778
561,Free Shipping off on Household! Limited time offer.,Baby Food,North America,Togo,62186
562,10% off on Cosmetics! Limited time offer.,Fruits,Asia,Albania,48880
563,10% off on Snacks! Limited time offer.,Household,North America,Guinea-Bissau,50447
564,10% off on Meat! Limited time offer.,Office Supplies,Central America and the Caribbean,Morocco,18491
565,Buy 1 Get 1 off on Cosmetics! Limited time offer.,Snacks,Australia and Oceania,Greece,24627
566,25% off on Office Supplies! Limited time offer.,Personal Care,Europe,Turkey,52655
567,25% off on Cosmetics! Limited time offer.,Clothes,Sub-Saharan Africa,Ghana,65863
568,Free Shipping off on Meat! Limited time offer.,Clothes,Central America and the Caribbean,Liechtenstein,22430
569,Buy 1 Get 1 off on Beverages! Limited time offer.,Baby Food,Central America and the Caribbean,Kiribati,60483
570,Buy 1 Get 1 off on Office Supplies! Limited time offer.,Baby Food,Australia and Oceania,Tunisia ,68848
571,25% off on Meat! Limited time offer.,Cereal,Central America and the Caribbean,Nicaragua,66486
572,10% off on Vegetables! Limited time offer.,Office Supplies,Australia and Oceania,North Korea,85949
573,25% off on Cereal! Limited time offer.,Office Supplies,Sub-Saharan Africa,Myanmar,65933
574,25% off on Beverages! Limited time offer.,Beverages,Central America and the Caribbean,United States of America,78238
575,10% off on Office Supplies! Limited time offer.,Cosmetics,Sub-Saharan Africa,Denmark,31714
576,Buy 1 Get 1 off on Beverages! Limited time offer.,Clothes,Sub-Saharan Africa,Democratic Republic of the Congo,25052
577,Free Shipping off on Meat! Limited time offer.,Household,Asia,Slovakia,38328
578,Buy 1 Get 1 off on Vegetables! Limited time offer.,Snacks,Middle East and North Africa,Sao Tome and Principe,85715
579,10% off on Cereal! Limited time offer.,Snacks,Central America and the Caribbean,Mali,69048
580,10% off on Vegetables! Limited time offer.,Beverages,Central America and the Caribbean,Mali,75922
581,Buy 1 Get 1 off on Personal Care! Limited time offer.,Personal Care,Sub-Saharan Africa,Finland,53318
582,Free Shipping off on Cereal! Limited time offer.,Clothes,Sub-Saharan Africa,Tunisia ,39104
583,Buy 1 Get 1 off on Office Supplies! Limited time offer.,Household,Australia and Oceania,Gabon,59319
584,Buy 1 Get 1 off on Meat! Limited time offer.,Beverages,Sub-Saharan Africa,Rwanda,93934
585,Buy 1 Get 1 off on Fruits! Limited time offer.,Baby Food,Asia,Qatar,66163
586,25% off on Baby Food! Limited time offer.,Beverages,Sub-Saharan Africa,Estonia,22682
587,Free Shipping off on Vegetables! Limited time offer.,Snacks,Sub-Saharan Africa,Poland,13014
588,Buy 1 Get 1 off on Cereal! Limited time offer.,Baby Food,Central America and the Caribbean,El Salvador,57542
589,25% off on Cosmetics! Limited time offer.,Fruits,Middle East and North Africa,Liechtenstein,83281
590,Free Shipping off on Meat! Limited time offer.,Baby Food,Europe,Malawi,92386
591,Buy 1 Get 1 off on Household! Limited time offer.,Cereal,Europe,Mexico,08537
592,Free Shipping off on Clothes! Limited time offer.,Beverages,Australia and Oceania,Lithuania,21614
593,Buy 1 Get 1 off on Vegetables! Limited time offer.,Cereal,North America,Cuba,48016
594,Buy 1 Get 1 off on Baby Food! Limited time offer.,Meat,Australia and Oceania,The Bahamas,20812
595,25% off on Cereal! Limited time offer.,Clothes,Asia,Germany,51622
596,Free Shipping off on Vegetables! Limited time offer.,Snacks,North America,Nicaragua,61241
597,25% off on Snacks! Limited time offer.,Meat,North America,Comoros,20754
598,10% off on Vegetables! Limited time offer.,Office Supplies,Australia and Oceania,Syria,69641
599,25% off on Personal Care! Limited time offer.,Beverages,Europe,El Salvador,13522
600,25% off on Household! Limited time offer.,Household,North America,South Africa,64917
601,Buy 1 Get 1 off on Vegetables! Limited time offer.,Vegetables,Middle East and North Africa,Portugal,03491
602,10% off on Beverages! Limited time offer.,Household,Sub-Saharan Africa,Mozambique,25621
603,Buy 1 Get 1 off on Personal Care! Limited time offer.,Clothes,Australia and Oceania,Guinea-Bissau,78718
604,Buy 1 Get 1 off on Beverages! Limited time offer.,Household,Europe,Armenia,88322
605,Buy 1 Get 1 off on Beverages! Limited time offer.,Beverages,Europe,Iceland,42578
606,10% off on Beverages! Limited time offer.,Fruits,Central America and the Caribbean,Kenya,20080
607,25% off on Fruits! Limited time offer.,Beverages,North America,Ukraine,44414
608,Buy 1 Get 1 off on Meat! Limited time offer.,Fruits,Central America and the Caribbean,Estonia,60478
609,10% off on Office Supplies! Limited time offer.,Cosmetics,Middle East and North Africa,Sao Tome and Principe,99752
610,Buy 1 Get 1 off on Fruits! Limited time offer.,Snacks,Asia,Botswana,20446
611,Free Shipping off on Clothes! Limited time offer.,Personal Care,Sub-Saharan Africa,Dominican Republic,45471
612,25% off on Cereal! Limited time offer.,Cosmetics,Asia,Guatemala,70239
613,Free Shipping off on Household! Limited time offer.,Beverages,Australia and Oceania,El Salvador,63596
614,Free Shipping off on Clothes! Limited time offer.,Beverages,Central America and the Caribbean,Mauritania,92541
615,10% off on Cereal! Limited time offer.,Snacks,Asia,Trinidad and Tobago,02346
616,Free Shipping off on Vegetables! Limited time offer.,Beverages,Central America and the Caribbean,New Zealand,07366
617,10% off on Fruits! Limited time offer.,Personal Care,Europe,Saudi Arabia,88461
618,25% off on Cosmetics! Limited time offer.,Household,Australia and Oceania,Greenland,79096
619,Free Shipping off on Vegetables! Limited time offer.,Clothes,Central America and the Caribbean,Oman,51728
620,25% off on Fruits! Limited time offer.,Vegetables,Asia,North Korea,31112
621,Free Shipping off on Beverages! Limited time offer.,Vegetables,North America,Malawi,16714
622,25% off on Vegetables! Limited time offer.,Beverages,Europe,Portugal,55367
623,25% off on Fruits! Limited time offer.,Cereal,Middle East and North Africa,Mauritania,03138
624,10% off on Household! Limited time offer.,Snacks,Australia and Oceania,Malta,77291
625,25% off on Beverages! Limited time offer.,Cosmetics,Australia and Oceania,Swaziland,85477
626,25% off on Cereal! Limited time offer.,Vegetables,Central America and the Caribbean,Belize,92475
627,Buy 1 Get 1 off on Clothes! Limited time offer.,Baby Food,Australia and Oceania,Cambodia,38501
628,25% off on Vegetables! Limited time offer.,Clothes,Central America and the Caribbean,Sudan,82633
629,25% off on Beverages! Limited time offer.,Cosmetics,Sub-Saharan Africa,Oman,14079
630,Free Shipping off on Fruits! Limited time offer.,Baby Food,Sub-Saharan Africa,Cape Verde,58833
631,Buy 1 Get 1 off on Snacks! Limited time offer.,Meat,Europe,Myanmar,39890
632,Free Shipping off on Personal Care! Limited time offer.,Meat,Asia,Russia,73698
633,Free Shipping off on Cereal! Limited time offer.,Baby Food,Europe,Republic of the Congo,08772
634,10% off on Cereal! Limited time offer.,Household,Asia,Pakistan,44615
635,25% off on Cereal! Limited time offer.,Baby Food,Australia and Oceania,Luxembourg,05114
636,25% off on Beverages! Limited time offer.,Fruits,North America,Albania,73217
637,10% off on Personal Care! Limited time offer.,Snacks,Central America and the Caribbean,Macedonia,13270
638,Buy 1 Get 1 off on Clothes! Limited time offer.,Meat,Sub-Saharan Africa,Kosovo,61925
639,25% off on Clothes! Limited time offer.,Office Supplies,Central America and the Caribbean,Slovakia,75942
640,25% off on Fruits! Limited time offer.,Vegetables,Asia,New Zealand,61331
641,25% off on Cosmetics! Limited time offer.,Fruits,Asia,Estonia,35125
642,Free Shipping off on Baby Food! Limited time offer.,Baby Food,Europe,Russia,34376
643,25% off on Meat! Limited time offer.,Snacks,Australia and Oceania,Angola,13856
644,10% off on Household! Limited time offer.,Clothes,Asia,Sudan,21179
645,Buy 1 Get 1 off on Cereal! Limited time offer.,Beverages,Asia,Germany,65222
646,Buy 1 Get 1 off on Fruits! Limited time offer.,Beverages,Australia and Oceania,Grenada,82786
647,Buy 1 Get 1 off on Clothes! Limited time offer.,Personal Care,Europe,Saint Lucia,78387
648,Buy 1 Get 1 off on Baby Food! Limited time offer.,Office Supplies,Middle East and North Africa,Federated States of Micronesia,74076
649,Buy 1 Get 1 off on Office Supplies! Limited time offer.,Meat,Europe,Netherlands,03780
650,25% off on Beverages! Limited time offer.,Beverages,North America,Syria,13600
651,10% off on Baby Food! Limited time offer.,Clothes,Australia and Oceania,Mauritius ,06363
652,25% off on Personal Care! Limited time offer.,Fruits,Sub-Saharan Africa,Dominica,19426
653,Buy 1 Get 1 off on Office Supplies! Limited time offer.,Household,Australia and Oceania,Cape Verde,99435
654,Buy 1 Get 1 off on Beverages! Limited time offer.,Personal Care,Europe,Kuwait,90446
655,25% off on Meat! Limited time offer.,Clothes,Central America and the Caribbean,Zimbabwe,70491
656,25% off on Meat! Limited time offer.,Snacks,Middle East and North Africa,Swaziland,47179
657,Free Shipping off on Household! Limited time offer.,Cereal,North America,Myanmar,89190
658,Free Shipping off on Clothes! Limited time offer.,Office Supplies,Central America and the Caribbean,Belize,54233
659,25% off on Fruits! Limited time offer.,Meat,Asia,Bulgaria,65199
660,Buy 1 Get 1 off on Snacks! Limited time offer.,Office Supplies,Middle East and North Africa,Ethiopia,75421
661,Buy 1 Get 1 off on Cosmetics! Limited time offer.,Fruits,Europe,South Sudan,85581
662,Buy 1 Get 1 off on Office Supplies! Limited time offer.,Cosmetics,North America,Iceland,57341
663,25% off on Office Supplies! Limited time offer.,Personal Care,Australia and Oceania,Antigua and Barbuda ,60959
664,25% off on Vegetables! Limited time offer.,Office Supplies,Middle East and North Africa,Laos,51004
665,25% off on Vegetables! Limited time offer.,Meat,Europe,Nicaragua,44579
666,25% off on Meat! Limited time offer.,Meat,Central America and the Caribbean,India,21976
667,25% off on Meat! Limited time offer.,Beverages,Central America and the Caribbean,Democratic Republic of the Congo,36887
668,Free Shipping off on Beverages! Limited time offer.,Meat,Asia,Seychelles ,60008
669,25% off on Beverages! Limited time offer.,Vegetables,Central America and the Caribbean,Belize,55179
670,Buy 1 Get 1 off on Baby Food! Limited time offer.,Baby Food,Sub-Saharan Africa,Finland,59900
671,10% off on Beverages! Limited time offer.,Cereal,Europe,Saint Kitts and Nevis ,36300
672,10% off on Cereal! Limited time offer.,Cereal,Sub-Saharan Africa,Philippines,07054
673,Buy 1 Get 1 off on Vegetables! Limited time offer.,Baby Food,Asia,Norway,39893
674,Buy 1 Get 1 off on Office Supplies! Limited time offer.,Fruits,Australia and Oceania,Vietnam,23106
675,Buy 1 Get 1 off on Cosmetics! Limited time offer.,Beverages,Sub-Saharan Africa,Ukraine,04866
676,Free Shipping off on Cereal! Limited time offer.,Vegetables,North America,Syria,05137
677,25% off on Clothes! Limited time offer.,Fruits,Europe,Greenland,51160
678,Free Shipping off on Vegetables! Limited time offer.,Vegetables,Central America and the Caribbean,Nauru,65735
679,Buy 1 Get 1 off on Vegetables! Limited time offer.,Meat,Sub-Saharan Africa,Singapore,95541
680,25% off on Fruits! Limited time offer.,Office Supplies,Asia,Barbados,33138
681,10% off on Cosmetics! Limited time offer.,Beverages,Europe,Palau,88252
682,Free Shipping off on Household! Limited time offer.,Personal Care,North America,Albania,69275
683,Free Shipping off on Snacks! Limited time offer.,Cereal,Europe,Ukraine,45320
684,Free Shipping off on Household! Limited time offer.,Snacks,Europe,Kiribati,58401
685,Free Shipping off on Baby Food! Limited time offer.,Beverages,Middle East and North Africa,North Korea,28720
686,Buy 1 Get 1 off on Baby Food! Limited time offer.,Personal Care,Middle East and North Africa,The Bahamas,49036
687,Buy 1 Get 1 off on Cereal! Limited time offer.,Household,Europe,Ukraine,02514
688,10% off on Beverages! Limited time offer.,Personal Care,North America,Kazakhstan,88783
689,10% off on Beverages! Limited time offer.,Beverages,Central America and the Caribbean,Monaco,49182
690,25% off on Vegetables! Limited time offer.,Baby Food,Europe,Jamaica,60429
691,25% off on Cosmetics! Limited time offer.,Clothes,Europe,Greece,35358
692,25% off on Baby Food! Limited time offer.,Clothes,Middle East and North Africa,Madagascar,81999
693,Free Shipping off on Clothes! Limited time offer.,Beverages,Australia and Oceania,Costa Rica,43886
694,Buy 1 Get 1 off on Household! Limited time offer.,Cosmetics,Sub-Saharan Africa,Honduras,10411
695,10% off on Office Supplies! Limited time offer.,Vegetables,Asia,Montenegro,39976
696,25% off on Fruits! Limited time offer.,Beverages,Central America and the Caribbean,Egypt,11670
697,25% off on Cosmetics! Limited time offer.,Baby Food,Middle East and North Africa,Guinea-Bissau,86279
698,Buy 1 Get 1 off on Cosmetics! Limited time offer.,Snacks,Central America and the Caribbean,Antigua and Barbuda ,22746
699,10% off on Meat! Limited time offer.,Snacks,Middle East and North Africa,Uzbekistan,53376
