,Coupon Description,Product,Region,Country,City,Postal Code
0,,Beverages,Central America and the Caribbean,Guinea,East Ryan,21764
1,Free Shipping off on Office Supplies! Limited time offer.,,Australia and Oceania,Albania,Robertsonview,52879
2,Buy 1 Get 1 off on Baby Food! Limited time offer.,Fruits,Sub-Saharan Africa,Tunisia ,North Tiffanyview,18854
3,Buy 1 Get 1 off on Personal Care! Limited time offer.,Office Supplies,,Mozambique,Port Jamesstad,61285
4,25% off on Personal Care! Limited time offer.,Snacks,Middle East and North Africa,Tanzania,South Jennifer,64041
5,Buy 1 Get 1 off on Cereal! Limited time offer.,Personal Care,North America,Democratic Republic of the Congo,West Dannyland,32324
6,Buy 1 Get 1 off on Vegetables! Limited time offer.,Household,Central America and the Caribbean,Maldives,Thomasburgh,99575
7,25% off on Cereal! Limited time offer.,Office Supplies,Central America and the Caribbean,,Lauramouth,02041
8,10% off on Cosmetics! Limited time offer.,Cereal,North America,Liechtenstein,North Jeffrey,
9,Buy 1 Get 1 off on Meat! Limited time offer.,Cereal,Central America and the Caribbean,Liberia,Williamsland,46476
10,Free Shipping off on Fruits! Limited time offer.,Clothes,Sub-Saharan Africa,,Kellytown,34982
11,,Meat,,Laos,Christineside,69047
12,Buy 1 Get 1 off on Cereal! Limited time offer.,Fruits,,Lebanon,Mckenzieside,19272
13,,Fruits,Middle East and North Africa,Liechtenstein,North Jonhaven,58889
14,Free Shipping off on Household! Limited time offer.,Household,Europe,Israel,New Craig,87290
15,Free Shipping off on Snacks! Limited time offer.,Vegetables,Sub-Saharan Africa,,East Kimbury,99427
16,Buy 1 Get 1 off on Beverages! Limited time offer.,Clothes,Sub-Saharan Africa,Estonia,South Matthew,46821
17,10% off on Fruits! Limited time offer.,,North America,Germany,Martinezshire,
18,25% off on Household! Limited time offer.,Clothes,Sub-Saharan Africa,Bhutan,East Paul,55719
19,Free Shipping off on Office Supplies! Limited time offer.,Fruits,Asia,Tajikistan,Port Travishaven,46265
20,Buy 1 Get 1 off on Cosmetics! Limited time offer.,Beverages,Europe,Benin,,52906
21,Free Shipping off on Beverages! Limited time offer.,Fruits,Middle East and North Africa,Greenland,East Anthony,
22,,Personal Care,Sub-Saharan Africa,Kazakhstan,,89436
23,25% off on Household! Limited time offer.,Cosmetics,Sub-Saharan Africa,Maldives,New Abigail,29769
24,,Snacks,North America,Maldives,West Samuel,58672
25,Free Shipping off on Beverages! Limited time offer.,Clothes,Australia and Oceania,Germany,,24453
26,Buy 1 Get 1 off on Fruits! Limited time offer.,,North America,Panama,Shannonton,55511
27,25% off on Vegetables! Limited time offer.,Baby Food,Central America and the Caribbean,,,98298
28,25% off on Cosmetics! Limited time offer.,Cosmetics,Central America and the Caribbean,Djibouti,Palmerport,02976
29,25% off on Fruits! Limited time offer.,Fruits,Europe,Montenegro,Maytown,
30,10% off on Baby Food! Limited time offer.,Cereal,Europe,Tajikistan,East Valerie,74814
31,,Snacks,Europe,Japan,Lake Brittneybury,97467
32,Free Shipping off on Personal Care! Limited time offer.,,Middle East and North Africa,Dominican Republic,North Rebecca,88592
33,Free Shipping off on Meat! Limited time offer.,Baby Food,Asia,,Harrisside,68054
34,,Snacks,Europe,,Mercadoside,65449
35,10% off on Personal Care! Limited time offer.,Fruits,Sub-Saharan Africa,Djibouti,,96742
36,,Snacks,North America,Turkey,New Jeffreyburgh,91173
37,10% off on Cereal! Limited time offer.,Office Supplies,North America,Mauritius ,Brooksfort,68223
38,25% off on Vegetables! Limited time offer.,Cosmetics,North America,Somalia,Jeffreyfurt,46562
39,Free Shipping off on Baby Food! Limited time offer.,Clothes,Asia,,Deckerberg,78057
40,Free Shipping off on Baby Food! Limited time offer.,Cosmetics,Australia and Oceania,Russia,,31292
41,25% off on Office Supplies! Limited time offer.,,Asia,Georgia,East Christian,24501
42,Buy 1 Get 1 off on Baby Food! Limited time offer.,Office Supplies,,Algeria,North Chelseaberg,40804
43,Free Shipping off on Household! Limited time offer.,Meat,Middle East and North Africa,,Anneton,09822
44,Buy 1 Get 1 off on Snacks! Limited time offer.,,North America,New Zealand,West Josephberg,30686
45,10% off on Meat! Limited time offer.,Snacks,Australia and Oceania,Norway,Keyfort,59516
46,10% off on Personal Care! Limited time offer.,Fruits,Asia,Turkmenistan,Pricestad,02639
47,10% off on Cosmetics! Limited time offer.,Personal Care,Central America and the Caribbean,Macedonia,Hufffort,20115
48,10% off on Vegetables! Limited time offer.,Cereal,Central America and the Caribbean,Belarus,East Rogershire,70462
49,Buy 1 Get 1 off on Cosmetics! Limited time offer.,Snacks,Sub-Saharan Africa,,,32604
50,Buy 1 Get 1 off on Personal Care! Limited time offer.,Meat,Sub-Saharan Africa,Niger,Gregoryport,34443
51,10% off on Snacks! Limited time offer.,Snacks,Central America and the Caribbean,Austria,Ramirezmouth,45623
52,Buy 1 Get 1 off on Meat! Limited time offer.,Vegetables,Australia and Oceania,Belarus,New Moniquehaven,60177
53,Free Shipping off on Household! Limited time offer.,,,Laos,Castillofurt,84728
54,10% off on Beverages! Limited time offer.,Snacks,Australia and Oceania,Panama,Johnsonside,58920
55,10% off on Cosmetics! Limited time offer.,Beverages,North America,Panama,South Matthew,87557
56,Buy 1 Get 1 off on Clothes! Limited time offer.,Beverages,Europe,,Brownfort,
57,10% off on Cereal! Limited time offer.,Office Supplies,Sub-Saharan Africa,Senegal,Lake Nicolebury,
58,25% off on Baby Food! Limited time offer.,Cereal,Sub-Saharan Africa,Niger,West Elizabethmouth,50931
59,Buy 1 Get 1 off on Clothes! Limited time offer.,Household,Australia and Oceania,Philippines,Keithborough,51076
60,,Snacks,Sub-Saharan Africa,Luxembourg,New Christophertown,16315
61,Buy 1 Get 1 off on Clothes! Limited time offer.,Beverages,Sub-Saharan Africa,Cambodia,North Phillipchester,98799
62,,Beverages,Europe,Grenada,Triciafort,66308
63,Buy 1 Get 1 off on Clothes! Limited time offer.,Snacks,Asia,,,85623
64,10% off on Baby Food! Limited time offer.,Fruits,Sub-Saharan Africa,Slovakia,Smithton,97312
65,10% off on Cereal! Limited time offer.,Cosmetics,Middle East and North Africa,Palau,Melissaton,57729
66,10% off on Personal Care! Limited time offer.,Snacks,Asia,United States of America,Jacksonfort,42479
67,10% off on Snacks! Limited time offer.,Fruits,Sub-Saharan Africa,Mexico,Wardfurt,62974
68,25% off on Vegetables! Limited time offer.,Baby Food,,Japan,Brownport,31186
69,25% off on Meat! Limited time offer.,Cosmetics,Europe,Barbados,Collinsmouth,57210
70,10% off on Household! Limited time offer.,,Sub-Saharan Africa,Armenia,Curryville,18098
71,25% off on Baby Food! Limited time offer.,Baby Food,Europe,Italy,Robertborough,94070
72,,Beverages,North America,Italy,West Angelafort,99035
73,Buy 1 Get 1 off on Personal Care! Limited time offer.,Clothes,Australia and Oceania,Iraq,,07859
74,25% off on Household! Limited time offer.,Fruits,Middle East and North Africa,Mozambique,Mayerside,43872
75,10% off on Beverages! Limited time offer.,Baby Food,Middle East and North Africa,Kiribati,Flowerschester,37443
76,Free Shipping off on Cereal! Limited time offer.,Clothes,North America,United Kingdom,,86677
77,Buy 1 Get 1 off on Clothes! Limited time offer.,Meat,Central America and the Caribbean,Qatar,West Adam,89423
78,10% off on Cosmetics! Limited time offer.,Meat,Europe,Burkina Faso,Marshalltown,61304
79,Free Shipping off on Fruits! Limited time offer.,Vegetables,Australia and Oceania,,Adamshaven,87245
80,,Personal Care,Australia and Oceania,Central African Republic,West Jesushaven,15917
81,10% off on Office Supplies! Limited time offer.,Vegetables,Sub-Saharan Africa,Ghana,West Kristen,85754
82,25% off on Beverages! Limited time offer.,Baby Food,,Oman,South Laura,40080
83,Free Shipping off on Snacks! Limited time offer.,Vegetables,Europe,Mozambique,Josephfort,59222
84,25% off on Baby Food! Limited time offer.,Office Supplies,Central America and the Caribbean,Czech Republic,Elizabethchester,98098
85,Buy 1 Get 1 off on Household! Limited time offer.,Baby Food,Europe,,Port Joshua,65948
86,Free Shipping off on Personal Care! Limited time offer.,Household,Sub-Saharan Africa,Papua New Guinea,Robertchester,22503
87,Buy 1 Get 1 off on Office Supplies! Limited time offer.,Meat,Middle East and North Africa,Burundi,West Tylerton,21664
88,Buy 1 Get 1 off on Office Supplies! Limited time offer.,Beverages,,Ukraine,North Katiefort,19465
89,10% off on Fruits! Limited time offer.,Cereal,Australia and Oceania,Ukraine,Lake Nicoleborough,20779
90,25% off on Household! Limited time offer.,Beverages,North America,Kiribati,South Dominique,66763
91,Buy 1 Get 1 off on Cosmetics! Limited time offer.,Cosmetics,Central America and the Caribbean,Nepal,Sparksberg,71455
92,10% off on Cosmetics! Limited time offer.,Office Supplies,Australia and Oceania,,West Lynn,19734
93,Free Shipping off on Beverages! Limited time offer.,Personal Care,Australia and Oceania,Cameroon,Adamborough,56149
94,25% off on Snacks! Limited time offer.,Vegetables,Sub-Saharan Africa,Sudan,Huberbury,40028
95,10% off on Vegetables! Limited time offer.,Office Supplies,Europe,Azerbaijan,Smithhaven,30886
96,10% off on Clothes! Limited time offer.,,Europe,United Arab Emirates,Port Sandraberg,93807
97,,Cereal,Europe,Slovenia,South Catherine,12637
98,10% off on Cosmetics! Limited time offer.,Personal Care,Central America and the Caribbean,Germany,South Nicholasport,03127
99,10% off on Baby Food! Limited time offer.,Office Supplies,Australia and Oceania,Slovakia,South Shariland,76676
100,10% off on Clothes! Limited time offer.,Clothes,Central America and the Caribbean,,Lake Monica,68031
101,Free Shipping off on Cereal! Limited time offer.,Cosmetics,Middle East and North Africa,Thailand,Stephensmouth,27518
102,Buy 1 Get 1 off on Clothes! Limited time offer.,Office Supplies,Australia and Oceania,Ukraine,Lake Mary,61999
103,25% off on Meat! Limited time offer.,Office Supplies,Sub-Saharan Africa,Afghanistan,Alexisburgh,17628
104,25% off on Office Supplies! Limited time offer.,Meat,Middle East and North Africa,Iraq,Lake Johnstad,21953
105,Free Shipping off on Meat! Limited time offer.,Clothes,North America,Mali,Lake Dawn,51633
106,25% off on Cereal! Limited time offer.,Beverages,North America,Guatemala,New Matthewville,05541
107,10% off on Baby Food! Limited time offer.,Vegetables,North America,Mexico,Torreshaven,71964
108,10% off on Vegetables! Limited time offer.,Baby Food,,Lebanon,Tinaville,44308
109,10% off on Office Supplies! Limited time offer.,Meat,North America,Austria,East Heatherside,55187
110,,Office Supplies,Middle East and North Africa,Barbados,Jonesview,23718
111,Buy 1 Get 1 off on Baby Food! Limited time offer.,Snacks,Sub-Saharan Africa,,North Reginaldville,83056
112,10% off on Clothes! Limited time offer.,Beverages,Asia,Ghana,West Jason,16855
113,Buy 1 Get 1 off on Beverages! Limited time offer.,Cereal,Europe,Tajikistan,Lake Glennport,81784
114,Free Shipping off on Cereal! Limited time offer.,Baby Food,Europe,Saint Lucia,Port Juan,06393
115,Free Shipping off on Household! Limited time offer.,Baby Food,Middle East and North Africa,India,Port Brian,61775
116,10% off on Cereal! Limited time offer.,,Australia and Oceania,Qatar,North Christina,49505
117,Buy 1 Get 1 off on Meat! Limited time offer.,Household,Asia,Oman,Lake Brandy,80240
118,25% off on Cosmetics! Limited time offer.,Office Supplies,Australia and Oceania,Tonga,West Jose,33161
119,Buy 1 Get 1 off on Snacks! Limited time offer.,Vegetables,Middle East and North Africa,Saint Kitts and Nevis ,Port Joanne,64335
120,,Baby Food,Europe,Papua New Guinea,Port Tracy,97172
121,Buy 1 Get 1 off on Meat! Limited time offer.,Snacks,North America,Benin,West Robert,01388
122,10% off on Personal Care! Limited time offer.,,Australia and Oceania,Afghanistan,North Timothyside,20444
123,,Snacks,Central America and the Caribbean,,,17396
124,10% off on Vegetables! Limited time offer.,Clothes,Middle East and North Africa,Tonga,Ramirezland,22305
125,10% off on Beverages! Limited time offer.,Beverages,Europe,Thailand,Hollandbury,46443
126,Buy 1 Get 1 off on Cereal! Limited time offer.,Personal Care,Middle East and North Africa,Bahrain,Davidland,97881
127,Free Shipping off on Beverages! Limited time offer.,Cereal,Sub-Saharan Africa,Zimbabwe,Lake Anthony,55287
128,10% off on Office Supplies! Limited time offer.,Baby Food,Asia,Armenia,Combsbury,55193
129,25% off on Cosmetics! Limited time offer.,Cosmetics,Europe,Sweden,Andrewstad,15989
130,Free Shipping off on Office Supplies! Limited time offer.,,Middle East and North Africa,,Lake Nathaniel,91711
131,Buy 1 Get 1 off on Household! Limited time offer.,Cosmetics,Middle East and North Africa,Mexico,Carolberg,66943
132,10% off on Baby Food! Limited time offer.,Personal Care,North America,,South Karenborough,89357
133,25% off on Baby Food! Limited time offer.,Household,Middle East and North Africa,,Lake Robertshire,27343
134,10% off on Household! Limited time offer.,,North America,Brunei,North Michele,07656
135,Buy 1 Get 1 off on Personal Care! Limited time offer.,Snacks,Middle East and North Africa,Dominican Republic,Wrightberg,
136,Free Shipping off on Household! Limited time offer.,Household,Central America and the Caribbean,Gabon,,91559
137,Buy 1 Get 1 off on Office Supplies! Limited time offer.,,North America,Guatemala,East Heatherhaven,54018
138,Free Shipping off on Snacks! Limited time offer.,Cereal,Australia and Oceania,Armenia,South Danielville,60628
139,10% off on Vegetables! Limited time offer.,Fruits,Australia and Oceania,Cuba,New Deanbury,44378
140,10% off on Fruits! Limited time offer.,Baby Food,Europe,Mali,New Brandonland,38094
141,Buy 1 Get 1 off on Baby Food! Limited time offer.,Cereal,Sub-Saharan Africa,South Africa,Patrickland,03932
142,10% off on Cereal! Limited time offer.,Beverages,Australia and Oceania,,Davenportchester,94646
143,10% off on Clothes! Limited time offer.,Household,Australia and Oceania,Azerbaijan,Martinezfort,
144,25% off on Office Supplies! Limited time offer.,Snacks,Central America and the Caribbean,Sao Tome and Principe,South Dawn,97011
145,10% off on Clothes! Limited time offer.,,,Mongolia,Duncanchester,
146,,Household,Central America and the Caribbean,Norway,New Michellemouth,58996
147,Free Shipping off on Cereal! Limited time offer.,Cereal,Europe,Morocco,Lake Tiffanyhaven,15611
148,25% off on Cosmetics! Limited time offer.,Personal Care,Asia,Laos,Thomasfurt,98394
149,10% off on Baby Food! Limited time offer.,Snacks,Europe,Bahrain,Taylorport,50054
150,25% off on Cosmetics! Limited time offer.,,Europe,Philippines,West Christopher,12944
151,,Snacks,Sub-Saharan Africa,Cyprus,,76717
152,Free Shipping off on Office Supplies! Limited time offer.,Office Supplies,Central America and the Caribbean,Cape Verde,,83097
153,Buy 1 Get 1 off on Fruits! Limited time offer.,Household,Europe,Slovenia,Michellechester,25747
154,25% off on Office Supplies! Limited time offer.,Personal Care,Australia and Oceania,Laos,East Erinchester,17765
155,Buy 1 Get 1 off on Beverages! Limited time offer.,Office Supplies,North America,Hungary,Lake Brittany,45138
156,Buy 1 Get 1 off on Baby Food! Limited time offer.,Personal Care,Sub-Saharan Africa,South Africa,Walkerstad,76312
157,25% off on Meat! Limited time offer.,Fruits,Australia and Oceania,Czech Republic,,75985
158,25% off on Beverages! Limited time offer.,Cereal,Central America and the Caribbean,Ethiopia,New Andreahaven,16189
159,Buy 1 Get 1 off on Office Supplies! Limited time offer.,Cosmetics,Sub-Saharan Africa,New Zealand,Isaacland,79333
160,Free Shipping off on Office Supplies! Limited time offer.,,Australia and Oceania,Togo,Russoland,29120
161,10% off on Cereal! Limited time offer.,Personal Care,North America,Libya,Lake Jennifer,07039
162,25% off on Baby Food! Limited time offer.,Cosmetics,Asia,Iraq,Port Willieside,94545
163,Buy 1 Get 1 off on Household! Limited time offer.,Meat,Middle East and North Africa,South Africa,Martinview,79463
164,Free Shipping off on Baby Food! Limited time offer.,Clothes,Sub-Saharan Africa,Liechtenstein,Figueroafort,65340
165,25% off on Beverages! Limited time offer.,Beverages,Europe,Liechtenstein,Lake Alex,02659
166,Free Shipping off on Clothes! Limited time offer.,Clothes,Australia and Oceania,Mali,Ramirezton,29104
167,Buy 1 Get 1 off on Beverages! Limited time offer.,Meat,Europe,India,North Jessica,24688
168,25% off on Household! Limited time offer.,Office Supplies,Central America and the Caribbean,Federated States of Micronesia,West Kevin,81771
169,Free Shipping off on Meat! Limited time offer.,Cereal,North America,Tajikistan,Hectorfort,70751
170,25% off on Fruits! Limited time offer.,Meat,Middle East and North Africa,Azerbaijan,North Robert,58751
171,25% off on Snacks! Limited time offer.,Fruits,,Uganda,Lake Michaelview,95298
172,10% off on Office Supplies! Limited time offer.,Beverages,Middle East and North Africa,Mauritania,Kimhaven,
173,Free Shipping off on Vegetables! Limited time offer.,Vegetables,Asia,Armenia,,58678
174,25% off on Cereal! Limited time offer.,Cosmetics,Asia,Guinea-Bissau,Jeffreyton,37749
175,Free Shipping off on Snacks! Limited time offer.,Personal Care,Europe,Algeria,Patriciaton,19133
176,Buy 1 Get 1 off on Clothes! Limited time offer.,Snacks,Europe,Bhutan,Ochoaview,32890
177,,Cereal,Asia,,Wrightview,65663
178,Buy 1 Get 1 off on Fruits! Limited time offer.,Vegetables,Asia,Cyprus,New Kara,62237
179,Free Shipping off on Vegetables! Limited time offer.,Fruits,Middle East and North Africa,Cambodia,New Crystal,44105
180,Buy 1 Get 1 off on Cereal! Limited time offer.,Snacks,Asia,Kazakhstan,West Charles,39465
181,,Office Supplies,North America,Ireland,Jenniferfort,36970
182,,,Sub-Saharan Africa,East Timor,Changborough,77518
183,Free Shipping off on Fruits! Limited time offer.,Baby Food,Central America and the Caribbean,,Contrerasmouth,58590
184,Buy 1 Get 1 off on Cosmetics! Limited time offer.,Office Supplies,Europe,Thailand,North Desireeberg,01898
185,Free Shipping off on Snacks! Limited time offer.,Snacks,North America,Nauru,,05271
186,,Meat,Australia and Oceania,Slovakia,Collinstown,83164
187,Buy 1 Get 1 off on Fruits! Limited time offer.,Snacks,Sub-Saharan Africa,Malta,East Dustinberg,02536
188,25% off on Cosmetics! Limited time offer.,Personal Care,,Vietnam,North Andrewhaven,01510
189,,Meat,Asia,Luxembourg,New Chris,66240
190,25% off on Cosmetics! Limited time offer.,Personal Care,Australia and Oceania,Indonesia,Lambberg,
191,Buy 1 Get 1 off on Baby Food! Limited time offer.,Personal Care,North America,Indonesia,,01498
192,25% off on Household! Limited time offer.,Fruits,Central America and the Caribbean,China,Glennbury,56153
193,10% off on Office Supplies! Limited time offer.,Snacks,Europe,Saudi Arabia,West Jamie,18629
194,25% off on Clothes! Limited time offer.,,Middle East and North Africa,Yemen,North Erinborough,23486
195,Free Shipping off on Meat! Limited time offer.,Cosmetics,Australia and Oceania,Republic of the Congo,Trevorstad,21603
196,Free Shipping off on Household! Limited time offer.,Personal Care,North America,Albania,East Dennis,58668
197,10% off on Snacks! Limited time offer.,Household,Australia and Oceania,Mauritius ,Brandonbury,81341
198,Free Shipping off on Cosmetics! Limited time offer.,Personal Care,Middle East and North Africa,,Jessicaside,19460
199,,Baby Food,North America,,Smithville,33837
200,Buy 1 Get 1 off on Cereal! Limited time offer.,Baby Food,Europe,Yemen,Petersland,10528
201,Free Shipping off on Cereal! Limited time offer.,Office Supplies,Australia and Oceania,Libya,East Alexander,33409
202,Free Shipping off on Cereal! Limited time offer.,Clothes,Middle East and North Africa,Panama,Brandonmouth,44821
203,25% off on Personal Care! Limited time offer.,,Sub-Saharan Africa,Qatar,Smithmouth,89460
204,Free Shipping off on Cosmetics! Limited time offer.,Cosmetics,Europe,Hungary,Kellytown,61919
205,10% off on Beverages! Limited time offer.,Meat,Asia,Laos,Stewartburgh,84134
206,25% off on Vegetables! Limited time offer.,Baby Food,Middle East and North Africa,Finland,Payneview,50818
207,Buy 1 Get 1 off on Meat! Limited time offer.,Baby Food,Sub-Saharan Africa,Luxembourg,Johnsonchester,48121
208,25% off on Cereal! Limited time offer.,Baby Food,Australia and Oceania,The Bahamas,South Carol,54906
209,10% off on Office Supplies! Limited time offer.,Office Supplies,North America,Marshall Islands,Kennethstad,71854
210,,Fruits,Europe,Cuba,Timothyburgh,78140
211,25% off on Beverages! Limited time offer.,Vegetables,Asia,Uzbekistan,Angelatown,28571
212,25% off on Baby Food! Limited time offer.,Beverages,Australia and Oceania,,Alexanderport,70706
213,Free Shipping off on Fruits! Limited time offer.,Meat,,Brunei,Jasonfurt,74727
214,25% off on Beverages! Limited time offer.,Clothes,Australia and Oceania,Tajikistan,,29048
215,Buy 1 Get 1 off on Household! Limited time offer.,Snacks,Central America and the Caribbean,Japan,Newtonberg,
216,Free Shipping off on Snacks! Limited time offer.,Snacks,,Equatorial Guinea,West Martin,37213
217,Buy 1 Get 1 off on Cereal! Limited time offer.,Personal Care,Australia and Oceania,Federated States of Micronesia,,78475
218,Buy 1 Get 1 off on Baby Food! Limited time offer.,Baby Food,Europe,Uganda,West Nicole,33208
219,Buy 1 Get 1 off on Cosmetics! Limited time offer.,Snacks,Australia and Oceania,Central African Republic,West Victor,89348
220,10% off on Cereal! Limited time offer.,Cereal,North America,Portugal,Davidborough,08596
221,25% off on Fruits! Limited time offer.,Baby Food,Europe,Pakistan,Lake Andrewchester,14268
222,Buy 1 Get 1 off on Clothes! Limited time offer.,,Asia,Jordan,New Monicahaven,22001
223,Buy 1 Get 1 off on Snacks! Limited time offer.,Cosmetics,Sub-Saharan Africa,Syria,Lake Adam,16095
224,Free Shipping off on Vegetables! Limited time offer.,Clothes,Asia,Trinidad and Tobago,,41890
225,Buy 1 Get 1 off on Household! Limited time offer.,Cereal,Europe,Libya,,
226,25% off on Beverages! Limited time offer.,Clothes,Asia,Jamaica,Devinberg,25487
227,,Office Supplies,North America,United States of America,Melindabury,42158
228,Free Shipping off on Cosmetics! Limited time offer.,Vegetables,Europe,Cuba,Crystalview,70838
229,Buy 1 Get 1 off on Baby Food! Limited time offer.,Cosmetics,Middle East and North Africa,Tanzania,Lisaborough,01924
230,10% off on Cosmetics! Limited time offer.,Cereal,Asia,South Africa,East Brett,96466
231,Free Shipping off on Fruits! Limited time offer.,Snacks,Sub-Saharan Africa,Saudi Arabia,South Emilymouth,75314
232,10% off on Office Supplies! Limited time offer.,Baby Food,North America,,Port Anthony,68363
233,,Baby Food,,Canada,New Marvin,39445
234,Free Shipping off on Office Supplies! Limited time offer.,Clothes,Asia,Bangladesh,Hillville,17296
235,Free Shipping off on Personal Care! Limited time offer.,,Australia and Oceania,South Sudan,South Michaelmouth,43206
236,Free Shipping off on Beverages! Limited time offer.,Beverages,Europe,Guatemala,South Mariahport,18341
237,25% off on Household! Limited time offer.,Personal Care,Europe,Tonga,,04116
238,,Household,Australia and Oceania,Kazakhstan,,66921
239,,Office Supplies,Asia,Cape Verde,,08240
240,25% off on Cosmetics! Limited time offer.,Snacks,Central America and the Caribbean,Andorra,Garrisonville,44273
241,Free Shipping off on Snacks! Limited time offer.,Fruits,Sub-Saharan Africa,Uzbekistan,,53549
242,25% off on Baby Food! Limited time offer.,Meat,Middle East and North Africa,Cyprus,South Taylor,30227
243,10% off on Vegetables! Limited time offer.,Beverages,North America,Vietnam,Doyleside,54270
244,Free Shipping off on Cereal! Limited time offer.,,North America,Belgium,Navarrostad,09854
245,25% off on Clothes! Limited time offer.,,Middle East and North Africa,Lebanon,Dunnburgh,96986
246,10% off on Vegetables! Limited time offer.,Snacks,Middle East and North Africa,Kyrgyzstan,Lake Donna,49173
247,25% off on Fruits! Limited time offer.,,Middle East and North Africa,Guinea,North Nicholas,79462
248,,Baby Food,Central America and the Caribbean,Palau,Chavezfort,71501
249,25% off on Cosmetics! Limited time offer.,Baby Food,Australia and Oceania,Djibouti,Martinezshire,21668
250,10% off on Meat! Limited time offer.,Baby Food,,Ukraine,Eileenhaven,18679
251,25% off on Vegetables! Limited time offer.,Beverages,,Jamaica,West Richardbury,95514
252,10% off on Personal Care! Limited time offer.,Personal Care,North America,Indonesia,Kristinachester,89226
253,25% off on Beverages! Limited time offer.,Vegetables,Sub-Saharan Africa,Syria,West Kathleen,43252
254,10% off on Vegetables! Limited time offer.,Household,Europe,Mauritania,Bellside,62449
255,Buy 1 Get 1 off on Vegetables! Limited time offer.,Beverages,Australia and Oceania,Cuba,,
256,10% off on Meat! Limited time offer.,Vegetables,Europe,India,Williamsside,95231
257,Free Shipping off on Clothes! Limited time offer.,Vegetables,Asia,Honduras,North Denisefort,76989
258,Buy 1 Get 1 off on Office Supplies! Limited time offer.,Baby Food,Middle East and North Africa,Bhutan,Port Kimshire,24888
259,25% off on Office Supplies! Limited time offer.,Beverages,Central America and the Caribbean,South Africa,Martinhaven,
260,Free Shipping off on Personal Care! Limited time offer.,Baby Food,Europe,Bangladesh,South Kerrytown,89210
261,,Baby Food,,Guinea-Bissau,Mooreview,15649
262,25% off on Cosmetics! Limited time offer.,,Europe,Cyprus,Davidsonshire,05429
263,10% off on Meat! Limited time offer.,Vegetables,North America,Papua New Guinea,North Aaronmouth,
264,25% off on Fruits! Limited time offer.,Fruits,North America,Uzbekistan,Lake Meganview,10603
265,Free Shipping off on Baby Food! Limited time offer.,Household,Europe,Ethiopia,Port Crystal,11554
266,25% off on Personal Care! Limited time offer.,Meat,Europe,Malawi,,68515
267,Buy 1 Get 1 off on Meat! Limited time offer.,Snacks,,United Kingdom,North Patriciamouth,26588
268,10% off on Cosmetics! Limited time offer.,Beverages,,Cambodia,South Emilychester,67198
269,25% off on Snacks! Limited time offer.,Household,Asia,,Connerborough,
270,Free Shipping off on Meat! Limited time offer.,Vegetables,Central America and the Caribbean,,North Sonyaberg,05848
271,,,Middle East and North Africa,Vatican City,Port Gregoryborough,34670
272,10% off on Beverages! Limited time offer.,Beverages,Central America and the Caribbean,Federated States of Micronesia,Rodneychester,41865
273,,Meat,,Kyrgyzstan,East Shannon,75373
274,Buy 1 Get 1 off on Fruits! Limited time offer.,Cosmetics,Central America and the Caribbean,Spain,Samanthabury,30530
275,,Vegetables,Australia and Oceania,Tunisia ,,66834
276,25% off on Clothes! Limited time offer.,Baby Food,North America,Serbia,East Phillip,63505
277,Buy 1 Get 1 off on Snacks! Limited time offer.,Beverages,Asia,Lithuania,,
278,,,Sub-Saharan Africa,Syria,North Jessica,75944
279,25% off on Cereal! Limited time offer.,Fruits,Asia,Ireland,Vasqueztown,31509
280,Buy 1 Get 1 off on Office Supplies! Limited time offer.,Household,Australia and Oceania,Montenegro,New Daniel,46540
281,,Clothes,Sub-Saharan Africa,Czech Republic,New Melissa,34535
282,Buy 1 Get 1 off on Baby Food! Limited time offer.,Office Supplies,Middle East and North Africa,Fiji,East Charlenechester,54481
283,Free Shipping off on Snacks! Limited time offer.,,Sub-Saharan Africa,Sao Tome and Principe,West Mary,67221
284,Buy 1 Get 1 off on Clothes! Limited time offer.,Vegetables,Middle East and North Africa,Moldova ,,11098
285,Buy 1 Get 1 off on Cereal! Limited time offer.,Clothes,Central America and the Caribbean,Switzerland,Aaronhaven,80184
286,Free Shipping off on Household! Limited time offer.,Fruits,Central America and the Caribbean,Macedonia,West Danielside,57563
287,10% off on Fruits! Limited time offer.,Fruits,Europe,Sao Tome and Principe,New Jeffrey,06994
288,25% off on Snacks! Limited time offer.,Meat,Middle East and North Africa,Seychelles ,Angelaton,52848
289,Buy 1 Get 1 off on Baby Food! Limited time offer.,Vegetables,,Namibia,Joshuamouth,27438
290,Buy 1 Get 1 off on Office Supplies! Limited time offer.,Office Supplies,Asia,Uganda,Davidshire,30340
291,,,North America,Panama,Port Richardfort,31579
292,10% off on Meat! Limited time offer.,Fruits,Central America and the Caribbean,Japan,North Randallfort,
293,10% off on Household! Limited time offer.,Snacks,Sub-Saharan Africa,Syria,Lake Alyssa,37348
294,Free Shipping off on Cereal! Limited time offer.,Beverages,Middle East and North Africa,Antigua and Barbuda ,Sandrastad,46412
295,Buy 1 Get 1 off on Meat! Limited time offer.,Office Supplies,Middle East and North Africa,Andorra,,54506
296,,Cereal,Australia and Oceania,South Sudan,North Breannafort,24520
297,10% off on Beverages! Limited time offer.,Meat,North America,Cuba,North Alexis,85299
298,Free Shipping off on Baby Food! Limited time offer.,Cosmetics,Asia,North Korea,Careyfurt,02484
299,Buy 1 Get 1 off on Cosmetics! Limited time offer.,Cereal,Central America and the Caribbean,Nauru,Martinchester,09286
300,25% off on Office Supplies! Limited time offer.,Personal Care,Sub-Saharan Africa,,North Lori,45059
301,Free Shipping off on Cereal! Limited time offer.,Office Supplies,Central America and the Caribbean,Norway,Michaelchester,51310
302,Buy 1 Get 1 off on Cereal! Limited time offer.,,Middle East and North Africa,Mauritius ,Hollyview,11720
303,Buy 1 Get 1 off on Snacks! Limited time offer.,Beverages,Central America and the Caribbean,Canada,,06575
304,10% off on Vegetables! Limited time offer.,Clothes,Europe,Dominican Republic,Port Lauren,02645
305,10% off on Snacks! Limited time offer.,,Central America and the Caribbean,Tajikistan,Christopherstad,
306,Free Shipping off on Vegetables! Limited time offer.,Personal Care,Europe,Nepal,Wolfland,98764
307,Buy 1 Get 1 off on Personal Care! Limited time offer.,Office Supplies,Australia and Oceania,Equatorial Guinea,East Dustin,57996
308,25% off on Vegetables! Limited time offer.,Household,North America,Cote d'Ivoire,North Aaronville,35727
309,Buy 1 Get 1 off on Cosmetics! Limited time offer.,Clothes,North America,Lebanon,Lake Heather,06005
310,Buy 1 Get 1 off on Cosmetics! Limited time offer.,Cereal,Asia,Cameroon,Lake Laurafort,75334
311,Buy 1 Get 1 off on Personal Care! Limited time offer.,Office Supplies,Sub-Saharan Africa,,Haleyberg,49814
312,25% off on Fruits! Limited time offer.,Fruits,Australia and Oceania,Vanuatu,Rodriguezfurt,
313,25% off on Snacks! Limited time offer.,Office Supplies,North America,Luxembourg,Brownhaven,25533
314,Free Shipping off on Office Supplies! Limited time offer.,Snacks,,Albania,,13162
315,10% off on Meat! Limited time offer.,Meat,Middle East and North Africa,Equatorial Guinea,Gregoryport,42023
316,Buy 1 Get 1 off on Cosmetics! Limited time offer.,Household,Central America and the Caribbean,Egypt,Port Bradleyhaven,07543
317,25% off on Household! Limited time offer.,Personal Care,Australia and Oceania,United Kingdom,,30428
318,Free Shipping off on Fruits! Limited time offer.,Clothes,,Samoa ,,08643
319,Buy 1 Get 1 off on Cosmetics! Limited time offer.,Fruits,Europe,Djibouti,New Michael,42198
320,Buy 1 Get 1 off on Meat! Limited time offer.,Office Supplies,Central America and the Caribbean,Zimbabwe,Simmonstown,
321,25% off on Vegetables! Limited time offer.,Clothes,Sub-Saharan Africa,Nepal,Davidburgh,
322,Free Shipping off on Household! Limited time offer.,Household,Central America and the Caribbean,Tuvalu,Stewartmouth,28696
323,10% off on Beverages! Limited time offer.,Cosmetics,Asia,New Zealand,South Feliciachester,37943
324,Buy 1 Get 1 off on Household! Limited time offer.,Snacks,Australia and Oceania,Norway,Benitezside,05227
325,10% off on Cereal! Limited time offer.,Cereal,Middle East and North Africa,Saudi Arabia,West Paul,
326,Free Shipping off on Office Supplies! Limited time offer.,Snacks,Central America and the Caribbean,Serbia,,59876
327,Buy 1 Get 1 off on Personal Care! Limited time offer.,Office Supplies,Sub-Saharan Africa,Namibia,East Brandonbury,32272
328,Free Shipping off on Office Supplies! Limited time offer.,Meat,,Afghanistan,Christianside,48908
329,,Fruits,Europe,Bangladesh,Adamsland,
330,Free Shipping off on Fruits! Limited time offer.,,Europe,Seychelles ,South Davidberg,95971
331,25% off on Cereal! Limited time offer.,Beverages,,Sao Tome and Principe,Princeton,81875
332,Free Shipping off on Beverages! Limited time offer.,Meat,Europe,Belarus,Michaelmouth,55773
333,Free Shipping off on Vegetables! Limited time offer.,Personal Care,North America,Vanuatu,Stevensfort,75257
334,,Cereal,North America,Syria,Lake Sean,46532
335,,Office Supplies,Asia,Nigeria,East Michael,04484
336,10% off on Meat! Limited time offer.,Baby Food,Central America and the Caribbean,Lesotho,Faulknerberg,29977
337,,Baby Food,Central America and the Caribbean,Finland,North Jeffreyborough,18056
338,Free Shipping off on Meat! Limited time offer.,,Europe,Palau,Howeborough,81489
339,Free Shipping off on Personal Care! Limited time offer.,,Central America and the Caribbean,Moldova ,,17447
340,10% off on Vegetables! Limited time offer.,Vegetables,Australia and Oceania,,Wyattfort,77396
341,25% off on Cereal! Limited time offer.,Household,Australia and Oceania,Botswana,North Valerie,44107
342,25% off on Vegetables! Limited time offer.,Cereal,Asia,Syria,East Ashley,53542
343,Buy 1 Get 1 off on Personal Care! Limited time offer.,Vegetables,North America,Vanuatu,North Kimberly,
344,25% off on Office Supplies! Limited time offer.,Cereal,Europe,Indonesia,New Michaelshire,48273
345,,Household,Australia and Oceania,Guinea,Patelfurt,91992
346,Buy 1 Get 1 off on Office Supplies! Limited time offer.,Vegetables,North America,Fiji,Rubioland,
347,Buy 1 Get 1 off on Clothes! Limited time offer.,Baby Food,Australia and Oceania,Philippines,,70586
348,25% off on Fruits! Limited time offer.,Clothes,Central America and the Caribbean,Belarus,Greeneberg,23419
349,Free Shipping off on Beverages! Limited time offer.,Vegetables,North America,,New Juan,13716
350,25% off on Baby Food! Limited time offer.,Vegetables,Sub-Saharan Africa,Kazakhstan,North Brianna,31846
351,Buy 1 Get 1 off on Household! Limited time offer.,Meat,Sub-Saharan Africa,Spain,North Deborahbury,33351
352,10% off on Meat! Limited time offer.,Snacks,Australia and Oceania,,Walshside,58181
353,10% off on Personal Care! Limited time offer.,Beverages,Australia and Oceania,Turkmenistan,Sarahchester,64383
354,Free Shipping off on Beverages! Limited time offer.,Office Supplies,Europe,Barbados,Lanefurt,59570
355,Free Shipping off on Cereal! Limited time offer.,Meat,Asia,Liberia,Lesterstad,61637
356,Free Shipping off on Meat! Limited time offer.,Meat,Europe,Djibouti,South Adam,31879
357,Buy 1 Get 1 off on Snacks! Limited time offer.,,Asia,Austria,East Teresa,37237
358,25% off on Baby Food! Limited time offer.,,Sub-Saharan Africa,Palau,Porterland,43346
359,Buy 1 Get 1 off on Beverages! Limited time offer.,Meat,North America,,East Michaelchester,17806
360,,Vegetables,North America,Czech Republic,Whitemouth,
361,Buy 1 Get 1 off on Cosmetics! Limited time offer.,Personal Care,North America,Monaco,North Kimberlyberg,28937
362,,Cereal,Middle East and North Africa,Cambodia,Clementsfurt,99412
363,,Beverages,North America,Palau,Jefferyfort,73055
364,,Personal Care,Central America and the Caribbean,Mali,Drewtown,21575
365,Free Shipping off on Meat! Limited time offer.,,Central America and the Caribbean,South Africa,,43663
366,10% off on Fruits! Limited time offer.,,Central America and the Caribbean,Hungary,Jensenmouth,57345
367,Free Shipping off on Household! Limited time offer.,Meat,North America,Mauritania,Obrienchester,21118
368,10% off on Baby Food! Limited time offer.,Household,,Central African Republic,Johnsonport,
369,10% off on Beverages! Limited time offer.,Personal Care,Europe,Costa Rica,North Raymond,61805
370,Buy 1 Get 1 off on Beverages! Limited time offer.,Vegetables,Central America and the Caribbean,Hungary,New Kaitlyn,20773
371,10% off on Clothes! Limited time offer.,Snacks,Asia,Israel,Scottshire,93276
372,10% off on Baby Food! Limited time offer.,Vegetables,Central America and the Caribbean,Jordan,,
373,10% off on Baby Food! Limited time offer.,Baby Food,Sub-Saharan Africa,Bangladesh,Port Dakota,62796
374,10% off on Cereal! Limited time offer.,Vegetables,Middle East and North Africa,Mali,Lake Charles,95708
375,Buy 1 Get 1 off on Personal Care! Limited time offer.,Cosmetics,Sub-Saharan Africa,Greece,,61280
376,Free Shipping off on Beverages! Limited time offer.,,North America,,Sandersborough,43776
377,Free Shipping off on Fruits! Limited time offer.,Fruits,Asia,Indonesia,,74107
378,25% off on Beverages! Limited time offer.,Fruits,Sub-Saharan Africa,Guinea,East Nicholasmouth,09027
379,Free Shipping off on Beverages! Limited time offer.,Office Supplies,Europe,Namibia,West Michaelmouth,35419
380,,Meat,Australia and Oceania,Mauritania,West Henry,
381,25% off on Baby Food! Limited time offer.,Personal Care,Sub-Saharan Africa,Finland,Penaville,12525
382,Buy 1 Get 1 off on Office Supplies! Limited time offer.,Beverages,Asia,Armenia,,38878
383,,Cosmetics,Australia and Oceania,,Adamstown,73315
384,10% off on Baby Food! Limited time offer.,Snacks,North America,Vatican City,Tranhaven,40384
385,Buy 1 Get 1 off on Personal Care! Limited time offer.,Vegetables,Central America and the Caribbean,Taiwan,Kennethtown,66373
386,25% off on Clothes! Limited time offer.,Household,,Georgia,West Joshuatown,09597
387,25% off on Fruits! Limited time offer.,,Europe,Portugal,Port Kylefort,26794
388,10% off on Cereal! Limited time offer.,Baby Food,Europe,,Huntermouth,41067
389,Free Shipping off on Household! Limited time offer.,Office Supplies,Central America and the Caribbean,Ukraine,Lake Karen,07091
390,Free Shipping off on Fruits! Limited time offer.,Meat,Australia and Oceania,Iceland,Alexamouth,
391,Free Shipping off on Fruits! Limited time offer.,Vegetables,Middle East and North Africa,,New Bryan,
392,Buy 1 Get 1 off on Baby Food! Limited time offer.,Snacks,,,Keithland,02820
393,10% off on Office Supplies! Limited time offer.,Office Supplies,North America,Switzerland,West Carolport,37263
394,Free Shipping off on Cereal! Limited time offer.,Personal Care,Asia,Nauru,New Coleview,41601
395,Free Shipping off on Cereal! Limited time offer.,Vegetables,Central America and the Caribbean,Bulgaria,Susanton,
396,Buy 1 Get 1 off on Personal Care! Limited time offer.,Beverages,Central America and the Caribbean,Somalia,West George,04633
397,10% off on Office Supplies! Limited time offer.,Personal Care,Europe,Laos,Keithville,09273
398,10% off on Clothes! Limited time offer.,Office Supplies,Central America and the Caribbean,Gabon,Pattersonside,04783
399,,Vegetables,Middle East and North Africa,,South Alexmouth,
400,Free Shipping off on Vegetables! Limited time offer.,Cosmetics,Europe,Syria,New Thomas,
401,25% off on Snacks! Limited time offer.,Meat,Sub-Saharan Africa,Uganda,Georgeborough,62638
402,10% off on Vegetables! Limited time offer.,Meat,North America,Slovakia,North Michael,84763
403,Buy 1 Get 1 off on Household! Limited time offer.,Cosmetics,Asia,Morocco,,
404,Buy 1 Get 1 off on Baby Food! Limited time offer.,Office Supplies,Asia,The Bahamas,Edwinville,53187
405,Free Shipping off on Cereal! Limited time offer.,Household,Australia and Oceania,Bhutan,,55571
406,25% off on Household! Limited time offer.,Snacks,North America,Israel,East Samantha,
407,Free Shipping off on Baby Food! Limited time offer.,Snacks,,,South Meghan,29437
408,25% off on Beverages! Limited time offer.,Clothes,Asia,Japan,Griffithbury,15405
409,Buy 1 Get 1 off on Clothes! Limited time offer.,Vegetables,Middle East and North Africa,Israel,Samanthahaven,45765
410,10% off on Vegetables! Limited time offer.,Personal Care,North America,Turkmenistan,New Timothy,04452
411,10% off on Personal Care! Limited time offer.,Office Supplies,,Algeria,New Joshuafurt,18490
412,Free Shipping off on Household! Limited time offer.,Vegetables,Asia,Pakistan,Andrewshire,
413,,Baby Food,Middle East and North Africa,Samoa ,Sanchezborough,20817
414,25% off on Household! Limited time offer.,Snacks,North America,Turkmenistan,Lake Justinport,
415,10% off on Cereal! Limited time offer.,Cosmetics,Central America and the Caribbean,Bhutan,,14555
416,Free Shipping off on Personal Care! Limited time offer.,Clothes,Asia,Dominican Republic,West Steven,
417,Buy 1 Get 1 off on Vegetables! Limited time offer.,Cereal,Asia,Malaysia,Port Daltonbury,34377
418,Buy 1 Get 1 off on Office Supplies! Limited time offer.,Office Supplies,,Nicaragua,West Mark,88880
419,Free Shipping off on Office Supplies! Limited time offer.,,Sub-Saharan Africa,Mali,West Amyborough,03324
420,,Snacks,Australia and Oceania,Jordan,,27295
421,Free Shipping off on Personal Care! Limited time offer.,Cereal,Middle East and North Africa,Samoa ,Hartville,49807
422,Buy 1 Get 1 off on Meat! Limited time offer.,Clothes,Australia and Oceania,Republic of the Congo,North Brianland,87136
423,Free Shipping off on Fruits! Limited time offer.,Office Supplies,Central America and the Caribbean,Senegal,Lake Jasminton,21274
424,10% off on Clothes! Limited time offer.,Office Supplies,Sub-Saharan Africa,Armenia,Port Victoria,83116
425,25% off on Household! Limited time offer.,Beverages,North America,Cuba,Murphyfort,57767
426,10% off on Snacks! Limited time offer.,Vegetables,,Hungary,West Marilyn,90045
427,25% off on Vegetables! Limited time offer.,Beverages,North America,Iceland,Ruizburgh,73089
428,10% off on Vegetables! Limited time offer.,Cereal,Sub-Saharan Africa,Slovenia,New Heatherville,76885
429,Buy 1 Get 1 off on Household! Limited time offer.,Vegetables,Asia,Papua New Guinea,,10695
430,10% off on Household! Limited time offer.,Beverages,Central America and the Caribbean,Greece,East Robert,38795
431,25% off on Office Supplies! Limited time offer.,Meat,Asia,Kazakhstan,Matthewsfurt,54715
432,Free Shipping off on Clothes! Limited time offer.,Meat,Australia and Oceania,United States of America,North Paulborough,92858
433,25% off on Baby Food! Limited time offer.,Fruits,Sub-Saharan Africa,Belgium,Mahoneyhaven,07175
434,10% off on Household! Limited time offer.,Cosmetics,,Sweden,Port Aaron,49155
435,25% off on Clothes! Limited time offer.,Meat,Sub-Saharan Africa,Brunei,Lake Luis,78907
436,25% off on Baby Food! Limited time offer.,Snacks,Australia and Oceania,Namibia,Lake Henry,86393
437,25% off on Personal Care! Limited time offer.,Meat,Central America and the Caribbean,Ireland,Andrewhaven,07435
438,Buy 1 Get 1 off on Household! Limited time offer.,Fruits,Sub-Saharan Africa,Comoros,Dorisberg,64989
439,Free Shipping off on Beverages! Limited time offer.,Beverages,Asia,Qatar,Dianatown,79493
440,10% off on Cosmetics! Limited time offer.,Personal Care,Central America and the Caribbean,Angola,Kristaton,43948
441,,Office Supplies,Sub-Saharan Africa,Saudi Arabia,Jonathanfort,74028
442,Free Shipping off on Meat! Limited time offer.,Vegetables,Asia,Mali,Brianburgh,07649
443,10% off on Cereal! Limited time offer.,Beverages,Middle East and North Africa,Albania,Port Destiny,92789
444,Free Shipping off on Baby Food! Limited time offer.,Snacks,Middle East and North Africa,New Zealand,East Nicole,55238
445,25% off on Household! Limited time offer.,Office Supplies,,Burkina Faso,Traceyburgh,23752
446,Free Shipping off on Beverages! Limited time offer.,Cosmetics,North America,Malawi,South Jaredbury,47508
447,25% off on Beverages! Limited time offer.,Beverages,Australia and Oceania,Libya,Paulbury,05244
448,25% off on Fruits! Limited time offer.,Clothes,North America,Liechtenstein,Elizabethville,44276
449,25% off on Baby Food! Limited time offer.,Cereal,North America,Belgium,North Samuelton,58640
450,Free Shipping off on Cosmetics! Limited time offer.,Meat,Sub-Saharan Africa,Vatican City,Jonathantown,40221
451,Buy 1 Get 1 off on Office Supplies! Limited time offer.,Clothes,Asia,Saint Kitts and Nevis ,Taramouth,
452,10% off on Personal Care! Limited time offer.,Household,North America,United States of America,North Juliachester,
453,Free Shipping off on Office Supplies! Limited time offer.,Cereal,Central America and the Caribbean,Luxembourg,Katelynport,56722
454,Buy 1 Get 1 off on Personal Care! Limited time offer.,Personal Care,Sub-Saharan Africa,Nauru,,51211
455,Buy 1 Get 1 off on Cereal! Limited time offer.,Cosmetics,Europe,Bangladesh,West Jessicabury,59957
456,25% off on Clothes! Limited time offer.,Baby Food,Europe,Ethiopia,Port Kristinfurt,90934
457,Buy 1 Get 1 off on Fruits! Limited time offer.,Fruits,Central America and the Caribbean,Bangladesh,New Robertfort,62740
458,10% off on Beverages! Limited time offer.,Beverages,Central America and the Caribbean,Republic of the Congo,West Ann,28174
459,10% off on Clothes! Limited time offer.,Clothes,North America,Vatican City,Jordantown,01522
460,Free Shipping off on Meat! Limited time offer.,Snacks,,Estonia,West Jason,90686
461,Free Shipping off on Household! Limited time offer.,Office Supplies,North America,Iceland,Hallberg,67797
462,Buy 1 Get 1 off on Vegetables! Limited time offer.,Clothes,,,New Crystal,35805
463,Free Shipping off on Office Supplies! Limited time offer.,,Central America and the Caribbean,Italy,North Casey,37788
464,Buy 1 Get 1 off on Cosmetics! Limited time offer.,Cereal,Australia and Oceania,Democratic Republic of the Congo,Marychester,93167
465,Buy 1 Get 1 off on Fruits! Limited time offer.,Clothes,Middle East and North Africa,Slovakia,West Johnport,18772
466,Buy 1 Get 1 off on Vegetables! Limited time offer.,Household,Europe,Cambodia,Port Nancy,06986
467,Buy 1 Get 1 off on Cereal! Limited time offer.,Office Supplies,Asia,,West Jamesmouth,42539
468,Buy 1 Get 1 off on Cereal! Limited time offer.,Beverages,Asia,Barbados,,36474
469,Buy 1 Get 1 off on Baby Food! Limited time offer.,Vegetables,Sub-Saharan Africa,Cambodia,North Ryanfort,87305
470,,Clothes,Sub-Saharan Africa,Iraq,,08442
471,10% off on Cereal! Limited time offer.,Cosmetics,Asia,Zimbabwe,North Brenda,15780
472,25% off on Cereal! Limited time offer.,Personal Care,,Vanuatu,West Rebecca,99070
473,10% off on Meat! Limited time offer.,Meat,Sub-Saharan Africa,Moldova ,West Krystalville,41329
474,25% off on Baby Food! Limited time offer.,Snacks,Europe,Slovenia,Lake Robinmouth,18649
475,10% off on Clothes! Limited time offer.,Beverages,,Samoa ,Gregorymouth,97674
476,Buy 1 Get 1 off on Snacks! Limited time offer.,Cereal,Australia and Oceania,Montenegro,Christineburgh,70753
477,10% off on Clothes! Limited time offer.,Baby Food,Middle East and North Africa,Federated States of Micronesia,New Carriehaven,15274
478,Free Shipping off on Clothes! Limited time offer.,Clothes,Australia and Oceania,,Boydburgh,49233
479,25% off on Office Supplies! Limited time offer.,Cosmetics,Australia and Oceania,Albania,West Christinefort,
480,25% off on Meat! Limited time offer.,Baby Food,North America,United States of America,South Matthew,65253
481,25% off on Baby Food! Limited time offer.,Cereal,North America,,Millerview,74103
482,Buy 1 Get 1 off on Vegetables! Limited time offer.,Household,Asia,Fiji,South Kimberlyshire,59719
483,10% off on Cosmetics! Limited time offer.,Office Supplies,North America,Malta,Shermanhaven,46273
484,Free Shipping off on Snacks! Limited time offer.,Office Supplies,Europe,Cambodia,Scottland,68069
485,10% off on Vegetables! Limited time offer.,Household,Middle East and North Africa,Guinea-Bissau,Francisbury,56074
486,Free Shipping off on Meat! Limited time offer.,Household,Europe,North Korea,West Peterborough,15398
487,Buy 1 Get 1 off on Fruits! Limited time offer.,Snacks,Europe,Mexico,Richardview,
488,Free Shipping off on Meat! Limited time offer.,Clothes,Middle East and North Africa,Nauru,Griffithhaven,47898
489,Buy 1 Get 1 off on Cosmetics! Limited time offer.,Cereal,Central America and the Caribbean,Burkina Faso,,97136
490,,Snacks,Europe,Monaco,New Michellechester,20871
491,Free Shipping off on Vegetables! Limited time offer.,Household,Europe,United Kingdom,West Carlos,55475
492,Free Shipping off on Fruits! Limited time offer.,Household,North America,,,19788
493,10% off on Cereal! Limited time offer.,Cereal,Central America and the Caribbean,Serbia,South Stephanieborough,33324
494,Buy 1 Get 1 off on Snacks! Limited time offer.,Household,Sub-Saharan Africa,Jamaica,East Angela,10981
495,10% off on Household! Limited time offer.,Household,Australia and Oceania,Uzbekistan,,77738
496,,Meat,Middle East and North Africa,Afghanistan,Mclaughlinville,24667
497,25% off on Clothes! Limited time offer.,Cosmetics,,Malta,Phillipberg,93387
498,Buy 1 Get 1 off on Fruits! Limited time offer.,Cereal,North America,South Sudan,West Jonathantown,08531
499,10% off on Household! Limited time offer.,Clothes,Middle East and North Africa,Romania,Nicholasport,43540
